Org,Aircraft ID,Lead Engineer,Engineering Team,Ci Env,Ci Class,Maintenance Event ID,Avionics System,Patching Ownership,Maintenance Finding,Snow Link,Remediation Target Date,Maintenance Event,Maintenance Event ID 2,Aircraft Platform,Aircraft Platform 2,Aircraft Platform 3,Aircraft Platform 4,Anc,Anc Deadline,Detection Path,Pe Image,Flight Service,Maintenance Event ID 3,Maintenance Event 2
RA_38328,RA-100,Molly Villanueva,Maintenance Excellence Group,RA_82422,RA_98598,MEV700000,FlightNav Pro,RA_35979,Navigation Calibration Required,RA_5693,11/8/2026,6/12/2026,MEV700000,Rensselaer A330,Rensselaer Regional 75,Rensselaer A900,Rensselaer CargoMax,RA_18361,,,RA_41450,,MEV700000,8
RA_18275,RA-101,Fatima de Boer,Fleet Engineering East,RA_13853,RA_13717,MEV700001,Altitude Manager,RA_94812,Navigation Calibration Required,RA_872,11/15/2026,6/12/2026,MEV700001,Rensselaer Regional 75,Rensselaer Regional 75,Rensselaer A220,Rensselaer A330,RA_36487,,,RA_56063,,MEV700001,4.9
RA_35840,RA-102,Tessa Mendoza,Fleet Engineering East,RA_75940,RA_95077,MEV700002,RunwayLink,RA_72247,Communication Bus Fault,RA_11288,11/25/2026,6/12/2026,MEV700002,Rensselaer A220,Rensselaer A330,Rensselaer CargoMax,Rensselaer CargoMax,RA_53632,,,RA_86681,,MEV700002,8.7
RA_37426,RA-103,Olga Khan,Maintenance Excellence Group,,RA_33790,MEV700003,FlightNav Pro,RA_82946,Cabin Environmental Sensor Drift,RA_64612,11/12/2026,6/9/2026,MEV700003,Rensselaer Regional 75,Rensselaer A330,Rensselaer A220,Rensselaer A330,RA_95085,,,RA_48388,,MEV700003,7.3
RA_69945,RA-104,Rico van Dijk,Avionics Operations,,RA_9914,MEV700004,RunwayLink,RA_38844,Landing Gear Wear,RA_50068,11/19/2026,6/9/2026,MEV700004,Rensselaer CargoMax,Rensselaer A220,Rensselaer A220,Rensselaer A900,RA_57286,,,RA_72668,,MEV700004,1.8
RA_39466,RA-105,Pooja Reddy,Fleet Engineering West,,RA_20423,MEV700005,Altitude Manager,RA_93958,Hydraulic Pressure Deviation,RA_98662,11/26/2026,6/9/2026,MEV700005,Rensselaer Regional 75,Rensselaer Regional 75,Rensselaer CargoMax,Rensselaer CargoMax,RA_34446,,,RA_51437,,MEV700005,9.8
RA_48207,RA-106,Noor Lebedev,Fleet Engineering West,,RA_77401,MEV700006,AeroControl X,RA_26841,Navigation Calibration Required,RA_27169,11/8/2026,6/12/2026,MEV700006,Rensselaer A900,Rensselaer A220,Rensselaer CargoMax,Rensselaer Regional 75,RA_59162,,,RA_248,,MEV700006,7.9
RA_53256,RA-107,Wei Sun,Fleet Engineering West,,RA_92322,MEV700007,AeroControl X,RA_33505,Hydraulic Pressure Deviation,RA_75310,11/15/2026,6/12/2026,MEV700007,Rensselaer A220,Rensselaer A900,Rensselaer A330,Rensselaer Regional 75,RA_51792,,,RA_49175,,MEV700007,8.1
RA_38656,RA-108,Irina Abboud,Maintenance Excellence Group,,RA_92596,MEV700008,RunwayLink,RA_98138,Cabin Environmental Sensor Drift,RA_85365,11/25/2026,6/12/2026,MEV700008,Rensselaer A900,Rensselaer A330,Rensselaer CargoMax,Rensselaer A330,RA_62830,,,RA_75556,,MEV700008,2.2
RA_99400,RA-109,Hassan Villanueva,Fleet Engineering East,,RA_94284,MEV700009,Altitude Manager,RA_77636,Communication Bus Fault,RA_70324,11/12/2026,6/9/2026,MEV700009,Rensselaer A330,Rensselaer A220,Rensselaer CargoMax,Rensselaer Regional 75,RA_25517,,,RA_94338,,MEV700009,5.1
RA_78914,RA-110,Fatima Ma,Maintenance Excellence Group,,RA_24911,MEV700010,SkyLogic Suite,RA_62204,Weather Radar Intermittent Signal,RA_33704,11/19/2026,6/9/2026,MEV700010,Rensselaer Regional 75,Rensselaer A330,Rensselaer A330,Rensselaer A330,RA_64322,,,RA_94080,,MEV700010,4.3
RA_20931,RA-111,Tessa Xu,Maintenance Excellence Group,,RA_19002,MEV700011,SkyLogic Suite,RA_97146,Cabin Environmental Sensor Drift,RA_86535,11/26/2026,6/9/2026,MEV700011,Rensselaer Regional 75,Rensselaer A220,Rensselaer A330,Rensselaer A330,RA_41415,,,RA_28023,,MEV700011,9.3
RA_82434,RA-112,Li Mehta,,,RA_40506,MEV700012,RunwayLink,RA_52788,Cabin Environmental Sensor Drift,RA_20324,7/29/2026,6/9/2026,MEV700012,Rensselaer A330,Rensselaer A900,Rensselaer A900,Rensselaer Regional 75,RA_60129,,,RA_31184,,MEV700012,6.8
RA_82031,RA-113,Mikhail Popov,,,RA_895,MEV700013,RunwayLink,RA_77265,Communication Bus Fault,RA_82873,11/12/2026,6/9/2026,MEV700013,Rensselaer A900,Rensselaer A900,Rensselaer CargoMax,Rensselaer Regional 75,RA_43676,,,RA_46037,,MEV700013,8.4
RA_3265,RA-114,Rami Torres,,,RA_41820,MEV700014,RunwayLink,RA_60743,Cabin Environmental Sensor Drift,RA_595,11/19/2026,6/9/2026,MEV700014,Rensselaer A220,Rensselaer CargoMax,Rensselaer Regional 75,Rensselaer A220,RA_93239,,,RA_91165,,MEV700014,5
RA_87560,RA-115,Ming Menon,,,RA_91373,MEV700015,AeroControl X,RA_84134,Navigation Calibration Required,RA_21888,11/26/2026,6/9/2026,MEV700015,Rensselaer A900,Rensselaer Regional 75,Rensselaer A220,Rensselaer CargoMax,RA_39507,,,RA_56691,,MEV700015,3
RA_28263,RA-116,Tyler Miller,,,RA_21798,MEV700016,AeroControl X,RA_78064,Communication Bus Fault,RA_67682,7/29/2026,6/9/2026,MEV700016,Rensselaer CargoMax,Rensselaer CargoMax,Rensselaer A330,Rensselaer A330,RA_12859,,,RA_58722,,MEV700016,6
RA_92093,RA-117,Daan Habib,,,RA_1574,MEV700017,FlightNav Pro,RA_18612,Cabin Environmental Sensor Drift,RA_31376,11/12/2026,6/9/2026,MEV700017,Rensselaer A900,Rensselaer Regional 75,Rensselaer CargoMax,Rensselaer Regional 75,RA_12017,,,RA_94696,,MEV700017,1.6
RA_7381,RA-118,Fatima Garcia,,,RA_15408,MEV700018,AeroTrack Vision,RA_45107,Weather Radar Intermittent Signal,RA_96493,11/19/2026,6/9/2026,MEV700018,Rensselaer A220,Rensselaer A900,Rensselaer Regional 75,Rensselaer CargoMax,RA_22307,,,RA_46,,MEV700018,8.4
RA_42626,RA-119,Li Chen,,,RA_48445,MEV700019,AeroControl X,RA_12907,Weather Radar Intermittent Signal,RA_52253,11/26/2026,6/9/2026,MEV700019,Rensselaer Regional 75,Rensselaer A220,Rensselaer A220,Rensselaer Regional 75,RA_54573,,,RA_98247,,MEV700019,6.7
RA_16666,RA-120,Mateo Yang,Fleet Engineering West,RA_78698,RA_94549,MEV700020,Altitude Manager,RA_72593,Weather Radar Intermittent Signal,RA_49205,11/8/2026,6/12/2026,MEV700020,Rensselaer A900,Rensselaer A330,Rensselaer CargoMax,Rensselaer Regional 75,RA_62838,,,RA_65073,,MEV700020,7.8
RA_10762,RA-121,Ananya Habib,Flight Systems Engineering,RA_5035,RA_99479,MEV700021,SkyLogic Suite,RA_10795,Landing Gear Wear,RA_20689,11/15/2026,6/12/2026,MEV700021,Rensselaer A330,Rensselaer A900,Rensselaer Regional 75,Rensselaer A220,RA_32190,,,RA_14528,,MEV700021,4.2
RA_48557,RA-122,Valeria Smirnov,Flight Systems Engineering,RA_52966,RA_23978,MEV700022,SkyLogic Suite,RA_90124,Communication Bus Fault,RA_88252,11/25/2026,6/12/2026,MEV700022,Rensselaer A220,Rensselaer A900,Rensselaer A220,Rensselaer A330,RA_59617,,,RA_68395,,MEV700022,9.7
RA_57487,RA-123,Yue Ivanov,Fleet Engineering East,RA_48935,RA_50507,MEV700023,RunwayLink,RA_40037,Cabin Environmental Sensor Drift,RA_17150,11/8/2026,6/12/2026,MEV700023,Rensselaer Regional 75,Rensselaer A220,Rensselaer Regional 75,Rensselaer A330,RA_78740,,,RA_18267,,MEV700023,9
RA_95604,RA-124,Boris Garcia,Flight Systems Engineering,RA_59493,RA_13174,MEV700024,FlightNav Pro,RA_18447,Weather Radar Intermittent Signal,RA_34875,11/15/2026,6/12/2026,MEV700024,Rensselaer A220,Rensselaer A900,Rensselaer A330,Rensselaer A900,RA_96991,,,RA_49127,,MEV700024,8
RA_27847,RA-125,Samir Davis,Fleet Engineering West,RA_31952,RA_6187,MEV700025,RunwayLink,RA_78050,Landing Gear Wear,RA_55215,11/25/2026,6/12/2026,MEV700025,Rensselaer A330,Rensselaer A900,Rensselaer CargoMax,Rensselaer A220,RA_1541,,,RA_20820,,MEV700025,2.8
RA_39246,RA-126,Bram Santos,Maintenance Excellence Group,RA_90609,RA_5522,MEV700026,SkyLogic Suite,RA_9016,Cabin Environmental Sensor Drift,RA_44462,7/29/2026,6/12/2026,MEV700026,Rensselaer CargoMax,Rensselaer A220,Rensselaer Regional 75,Rensselaer CargoMax,RA_7920,,,RA_59143,,MEV700026,5.2
RA_64057,RA-127,Omar Patel,Maintenance Excellence Group,RA_11298,RA_76862,MEV700027,SkyLogic Suite,RA_1517,Cabin Environmental Sensor Drift,RA_4203,11/8/2026,6/12/2026,MEV700027,Rensselaer A220,Rensselaer A900,Rensselaer Regional 75,Rensselaer A220,RA_97344,,,RA_53773,,MEV700027,1.4
RA_10252,RA-128,Zain Ma,Maintenance Excellence Group,RA_5147,RA_13092,MEV700028,AeroTrack Vision,RA_43692,Hydraulic Pressure Deviation,RA_26195,11/15/2026,6/12/2026,MEV700028,Rensselaer A220,Rensselaer Regional 75,Rensselaer CargoMax,Rensselaer CargoMax,RA_57999,,,RA_45767,,MEV700028,2.4
RA_38215,RA-129,Yue Mulder,Flight Systems Engineering,RA_62989,RA_31878,MEV700029,FleetPilot Central,RA_61044,Cabin Environmental Sensor Drift,RA_60670,11/25/2026,6/12/2026,MEV700029,Rensselaer A900,Rensselaer Regional 75,Rensselaer A220,Rensselaer A330,RA_91094,,,RA_37186,,MEV700029,7.1
RA_90273,RA-130,Rohan Johnson,Aircraft Reliability Team,RA_63470,RA_70460,MEV700030,Altitude Manager,RA_67536,Fuel Monitoring Anomaly,RA_89367,7/29/2026,6/12/2026,MEV700030,Rensselaer A330,Rensselaer Regional 75,Rensselaer CargoMax,Rensselaer A900,RA_93060,,,RA_1208,,MEV700030,7.7
RA_45914,RA-131,Marisol Mendoza,Fleet Engineering West,RA_25307,RA_94533,MEV700031,AeroTrack Vision,RA_14916,Hydraulic Pressure Deviation,RA_43597,11/8/2026,6/12/2026,MEV700031,Rensselaer A330,Rensselaer Regional 75,Rensselaer Regional 75,Rensselaer A900,RA_65214,,,RA_63686,,MEV700031,9.7
RA_56959,RA-132,Sergei Liu,Aircraft Reliability Team,RA_11159,RA_73134,MEV700032,RunwayLink,RA_13685,Communication Bus Fault,RA_82900,11/15/2026,6/12/2026,MEV700032,Rensselaer CargoMax,Rensselaer A900,Rensselaer A900,Rensselaer A330,RA_93437,,,RA_22233,,MEV700032,3.9
RA_25870,RA-133,Pavel Torres,Flight Systems Engineering,RA_80657,RA_79100,MEV700033,FleetPilot Central,RA_40600,Navigation Calibration Required,RA_57719,11/25/2026,6/12/2026,MEV700033,Rensselaer A330,Rensselaer A330,Rensselaer A220,Rensselaer Regional 75,RA_67124,,,RA_46915,,MEV700033,4.3
RA_8589,RA-134,Li Dela Cruz,Avionics Operations,RA_20644,RA_32574,MEV700034,SkyLogic Suite,RA_38818,Fuel Monitoring Anomaly,RA_29335,7/29/2026,6/9/2026,MEV700034,Rensselaer A220,Rensselaer Regional 75,Rensselaer Regional 75,Rensselaer A220,RA_17955,,,RA_63106,,MEV700034,5.2
RA_88983,RA-135,Femke Johnson,Technical Operations Center,RA_58430,RA_67265,MEV700035,FlightNav Pro,RA_20155,Navigation Calibration Required,RA_51507,11/12/2026,6/9/2026,MEV700035,Rensselaer CargoMax,Rensselaer Regional 75,Rensselaer A900,Rensselaer A900,RA_27598,,,RA_72120,,MEV700035,2.7
RA_47593,RA-136,Raj Karim,Technical Operations Center,RA_37688,RA_13199,MEV700036,FlightNav Pro,RA_23094,Landing Gear Wear,RA_21242,11/19/2026,6/9/2026,MEV700036,Rensselaer A330,Rensselaer A900,Rensselaer A220,Rensselaer Regional 75,RA_74428,,,RA_52317,,MEV700036,2.2
RA_5922,RA-137,Teresa Liu,Fleet Engineering East,RA_76802,RA_89338,MEV700037,SkyLogic Suite,RA_84754,Fuel Monitoring Anomaly,RA_59174,11/26/2026,6/9/2026,MEV700037,Rensselaer CargoMax,Rensselaer CargoMax,Rensselaer A330,Rensselaer CargoMax,RA_10175,,,RA_417,,MEV700037,5.3
RA_91732,RA-138,Jun Liu,Technical Operations Center,,RA_3669,MEV700038,AeroControl X,RA_51924,Hydraulic Pressure Deviation,RA_97449,11/8/2026,6/12/2026,MEV700038,Rensselaer A330,Rensselaer A900,Rensselaer CargoMax,Rensselaer A900,RA_27574,,,RA_53891,,MEV700038,3
RA_47864,RA-139,Rico López,Technical Operations Center,,RA_33650,MEV700039,FleetPilot Central,RA_60372,Navigation Calibration Required,RA_11497,11/15/2026,6/12/2026,MEV700039,Rensselaer A330,Rensselaer A220,Rensselaer A220,Rensselaer CargoMax,RA_6452,,,RA_7521,,MEV700039,7
RA_9737,RA-140,Pooja Reyes,Fleet Engineering West,,RA_82276,MEV700040,SkyLogic Suite,RA_51196,Navigation Calibration Required,RA_55534,11/25/2026,6/12/2026,MEV700040,Rensselaer A900,Rensselaer Regional 75,Rensselaer A220,Rensselaer Regional 75,RA_614,,,RA_13516,,MEV700040,4.9
RA_3256,RA-141,Jun Reyes,Maintenance Excellence Group,RA_12164,RA_17713,MEV700041,FlightNav Pro,RA_83247,Navigation Calibration Required,RA_22753,7/3/2026,6/9/2026,MEV700041,Rensselaer A330,Rensselaer A220,Rensselaer Regional 75,Rensselaer CargoMax,RA_43616,,,RA_37479,,MEV700041,8.5
RA_93277,RA-142,Javier Lebedev,Aircraft Reliability Team,RA_36683,RA_68695,MEV700042,FlightNav Pro,RA_49953,Cabin Environmental Sensor Drift,RA_40450,7/3/2026,6/9/2026,MEV700042,Rensselaer CargoMax,Rensselaer Regional 75,Rensselaer A900,Rensselaer Regional 75,RA_48481,,,RA_55702,,MEV700042,7.3
RA_23670,RA-143,Pieter Rodríguez,Avionics Operations,RA_30695,RA_9743,MEV700043,FleetPilot Central,RA_85941,Hydraulic Pressure Deviation,RA_4724,7/3/2026,6/9/2026,MEV700043,Rensselaer A220,Rensselaer CargoMax,Rensselaer A220,Rensselaer CargoMax,RA_5894,,,RA_71608,,MEV700043,3.8
RA_16298,RA-144,Cooper Castillo,Avionics Operations,RA_43970,RA_75501,MEV700044,Altitude Manager,RA_89539,Navigation Calibration Required,RA_76487,7/3/2026,6/9/2026,MEV700044,Rensselaer A900,Rensselaer A330,Rensselaer CargoMax,Rensselaer A220,RA_15562,,,RA_23147,,MEV700044,8.5
RA_24408,RA-145,Rohan Sun,Fleet Engineering West,RA_410,RA_87110,MEV700045,SkyLogic Suite,RA_97975,Hydraulic Pressure Deviation,RA_59727,7/3/2026,6/9/2026,MEV700045,Rensselaer A330,Rensselaer CargoMax,Rensselaer A220,Rensselaer A900,RA_7077,,,RA_11161,,MEV700045,8.2
RA_5757,RA-146,Marieke Kok,Fleet Engineering West,RA_33453,RA_28781,MEV700046,AeroTrack Vision,RA_6519,Weather Radar Intermittent Signal,RA_94923,7/3/2026,6/9/2026,MEV700046,Rensselaer A330,Rensselaer A900,Rensselaer A220,Rensselaer A900,RA_16915,,,RA_21640,,MEV700046,4.5
RA_44191,RA-147,Lars García,Technical Operations Center,RA_67450,RA_87638,MEV700047,RunwayLink,RA_89246,Weather Radar Intermittent Signal,RA_36365,7/3/2026,6/9/2026,MEV700047,Rensselaer CargoMax,Rensselaer A900,Rensselaer Regional 75,Rensselaer Regional 75,RA_86545,,,RA_99240,,MEV700047,3.6
RA_76602,RA-148,Marieke Menon,Avionics Operations,RA_67449,RA_7371,MEV700048,SkyLogic Suite,RA_95921,Fuel Monitoring Anomaly,RA_94436,7/29/2026,6/9/2026,MEV700048,Rensselaer A900,Rensselaer A220,Rensselaer A220,Rensselaer CargoMax,RA_98393,,,RA_61246,,MEV700048,7.1
RA_12277,RA-149,Mei Li,Fleet Engineering East,RA_26908,RA_60010,MEV700049,Altitude Manager,RA_58371,Cabin Environmental Sensor Drift,RA_91537,11/12/2026,6/9/2026,MEV700049,Rensselaer A330,Rensselaer A220,Rensselaer A900,Rensselaer A330,RA_97638,,,RA_98227,,MEV700049,2.3
RA_19945,RA-150,Zain Navarro,Fleet Engineering East,RA_34510,RA_14766,MEV700050,FleetPilot Central,RA_78419,Weather Radar Intermittent Signal,RA_69162,11/19/2026,6/9/2026,MEV700050,Rensselaer A220,Rensselaer A900,Rensselaer Regional 75,Rensselaer A900,RA_38534,,,RA_27090,,MEV700050,2.8
RA_82037,RA-151,Ivan Bennett,Aircraft Reliability Team,RA_76913,RA_7792,MEV700051,FleetPilot Central,RA_18039,Landing Gear Wear,RA_12027,11/26/2026,6/9/2026,MEV700051,Rensselaer A220,Rensselaer A900,Rensselaer A330,Rensselaer CargoMax,RA_7469,,,RA_45965,,MEV700051,1.1
RA_74935,RA-152,Molly Murphy,Fleet Engineering East,RA_27945,RA_97569,MEV700052,FlightNav Pro,RA_29144,Hydraulic Pressure Deviation,RA_61837,11/8/2026,6/12/2026,MEV700052,Rensselaer A330,Rensselaer A900,Rensselaer A330,Rensselaer CargoMax,RA_59257,,,RA_27742,,MEV700052,8.1
RA_23532,RA-153,Kavya Sánchez,Avionics Operations,RA_79821,RA_3685,MEV700053,Altitude Manager,RA_99817,Navigation Calibration Required,RA_32597,11/15/2026,6/12/2026,MEV700053,Rensselaer A220,Rensselaer Regional 75,Rensselaer Regional 75,Rensselaer A220,RA_14933,,,RA_7616,,MEV700053,7
RA_72157,RA-154,Ming Orlov,Technical Operations Center,RA_92692,RA_50598,MEV700054,FleetPilot Central,RA_7531,Landing Gear Wear,RA_23160,11/25/2026,6/12/2026,MEV700054,Rensselaer A900,Rensselaer CargoMax,Rensselaer A900,Rensselaer A330,RA_13685,,,RA_66109,,MEV700054,7.3
RA_66767,RA-155,Lian Vargas,Avionics Operations,,RA_81706,MEV700055,AeroControl X,RA_95755,Fuel Monitoring Anomaly,RA_28606,7/3/2026,6/9/2026,MEV700055,Rensselaer A330,Rensselaer Regional 75,Rensselaer Regional 75,Rensselaer A900,RA_90587,,,RA_99761,,MEV700055,8
RA_26358,RA-156,Boris Petrov,Flight Systems Engineering,,RA_49733,MEV700056,SkyLogic Suite,RA_70143,Landing Gear Wear,RA_53706,7/3/2026,6/9/2026,MEV700056,Rensselaer CargoMax,Rensselaer A330,Rensselaer Regional 75,Rensselaer A220,RA_63270,,,RA_9186,,MEV700056,5.1
RA_88401,RA-157,Li Reyes,Avionics Operations,,RA_4204,MEV700057,FlightNav Pro,RA_66421,Fuel Monitoring Anomaly,RA_36384,7/3/2026,6/9/2026,MEV700057,Rensselaer A900,Rensselaer Regional 75,Rensselaer Regional 75,Rensselaer A330,RA_85168,,,RA_91039,,MEV700057,6.1
RA_26668,RA-158,Ashley Ma,Technical Operations Center,,RA_21244,MEV700058,AeroTrack Vision,RA_89539,Communication Bus Fault,RA_1272,7/3/2026,6/9/2026,MEV700058,Rensselaer A220,Rensselaer A900,Rensselaer Regional 75,Rensselaer A900,RA_56741,,,RA_52778,,MEV700058,2.3
RA_16171,RA-159,Marisol Abboud,Fleet Engineering East,,RA_43512,MEV700059,Altitude Manager,RA_99579,Weather Radar Intermittent Signal,RA_29230,7/3/2026,6/9/2026,MEV700059,Rensselaer A330,Rensselaer Regional 75,Rensselaer A220,Rensselaer A220,RA_13277,,,RA_10917,,MEV700059,2
RA_88949,RA-160,Omar Brown,Maintenance Excellence Group,,RA_72300,MEV700060,FlightNav Pro,RA_83815,Hydraulic Pressure Deviation,RA_95270,7/3/2026,6/9/2026,MEV700060,Rensselaer A900,Rensselaer A220,Rensselaer CargoMax,Rensselaer A330,RA_42583,,,RA_27242,,MEV700060,7
RA_72681,RA-161,Carmen Bos,Aircraft Reliability Team,,RA_9822,MEV700061,FleetPilot Central,RA_73423,Fuel Monitoring Anomaly,RA_71663,7/3/2026,6/9/2026,MEV700061,Rensselaer A220,Rensselaer A900,Rensselaer A330,Rensselaer A900,RA_29805,,,RA_91300,,MEV700061,5.2
RA_47698,RA-162,Anya Castillo,Flight Systems Engineering,,RA_76163,MEV700062,RunwayLink,RA_67871,Navigation Calibration Required,RA_3922,7/29/2026,6/9/2026,MEV700062,Rensselaer A330,Rensselaer CargoMax,Rensselaer A900,Rensselaer A330,RA_99807,,,RA_73719,,MEV700062,6.1
RA_75909,RA-163,Teresa Zhang,Fleet Engineering East,,RA_89545,MEV700063,FleetPilot Central,RA_96901,Landing Gear Wear,RA_71383,11/12/2026,6/9/2026,MEV700063,Rensselaer Regional 75,Rensselaer Regional 75,Rensselaer A220,Rensselaer CargoMax,RA_69170,,,RA_6887,,MEV700063,7.9
RA_7559,RA-164,Ming Sun,Aircraft Reliability Team,,RA_21200,MEV700064,AeroTrack Vision,RA_96281,Communication Bus Fault,RA_56721,11/19/2026,6/9/2026,MEV700064,Rensselaer CargoMax,Rensselaer A900,Rensselaer A330,Rensselaer Regional 75,RA_58776,,,RA_56393,,MEV700064,6.7
RA_68108,RA-165,Jackson Zhao,Fleet Engineering East,,RA_59793,MEV700065,AeroTrack Vision,RA_53973,Communication Bus Fault,RA_69962,11/26/2026,6/9/2026,MEV700065,Rensselaer A220,Rensselaer A220,Rensselaer CargoMax,Rensselaer Regional 75,RA_17094,,,RA_87036,,MEV700065,6
RA_71997,RA-166,Samir López,Flight Systems Engineering,RA_90391,RA_21499,MEV700066,AeroTrack Vision,RA_65772,Fuel Monitoring Anomaly,RA_37529,7/29/2026,6/12/2026,MEV700066,Rensselaer A220,Rensselaer A220,Rensselaer Regional 75,Rensselaer CargoMax,RA_94260,,,RA_33654,,MEV700066,6
RA_41407,RA-167,Ananya Wang,Avionics Operations,RA_18291,RA_39938,MEV700067,AeroTrack Vision,RA_35495,Cabin Environmental Sensor Drift,RA_26661,11/8/2026,6/12/2026,MEV700067,Rensselaer Regional 75,Rensselaer Regional 75,Rensselaer CargoMax,Rensselaer A330,RA_67507,,,RA_47374,,MEV700067,3.7
RA_55851,RA-168,Samir van Leeuwen,Technical Operations Center,RA_91836,RA_7819,MEV700068,AeroTrack Vision,RA_25644,Fuel Monitoring Anomaly,RA_85991,11/15/2026,6/12/2026,MEV700068,Rensselaer Regional 75,Rensselaer A900,Rensselaer A330,Rensselaer CargoMax,RA_93815,,,RA_65467,,MEV700068,1.3
RA_66048,RA-169,Hao Morozov,Maintenance Excellence Group,RA_33379,RA_63416,MEV700069,AeroControl X,RA_76809,Communication Bus Fault,RA_30361,11/25/2026,6/12/2026,MEV700069,Rensselaer A900,Rensselaer CargoMax,Rensselaer A330,Rensselaer Regional 75,RA_67905,,,RA_44193,,MEV700069,4.9
RA_91092,RA-170,Irina Reyes,Flight Systems Engineering,,RA_55474,MEV700070,SkyLogic Suite,RA_60950,Navigation Calibration Required,RA_7189,7/29/2026,6/9/2026,MEV700070,Rensselaer CargoMax,Rensselaer A330,Rensselaer A220,Rensselaer Regional 75,RA_45715,,,RA_39056,,MEV700070,2.9
RA_58850,RA-171,Lian Iyer,Technical Operations Center,,RA_54396,MEV700071,Altitude Manager,RA_63369,Weather Radar Intermittent Signal,RA_69096,11/12/2026,6/9/2026,MEV700071,Rensselaer CargoMax,Rensselaer A220,Rensselaer A220,Rensselaer A330,RA_67216,,,RA_12900,,MEV700071,4.7
RA_84481,RA-172,Madison Singh,Avionics Operations,,RA_63765,MEV700072,FlightNav Pro,RA_2767,Hydraulic Pressure Deviation,RA_43453,11/19/2026,6/9/2026,MEV700072,Rensselaer A220,Rensselaer A330,Rensselaer A900,Rensselaer Regional 75,RA_97960,,,RA_36372,,MEV700072,8.7
RA_64206,RA-173,Svetlana Nair,Flight Systems Engineering,,RA_39742,MEV700073,AeroTrack Vision,RA_97185,Cabin Environmental Sensor Drift,RA_51787,11/26/2026,6/9/2026,MEV700073,Rensselaer Regional 75,Rensselaer CargoMax,Rensselaer Regional 75,Rensselaer CargoMax,RA_47491,,,RA_57401,,MEV700073,3.1
RA_75795,RA-174,Meera Rahman,Fleet Engineering West,,RA_29221,MEV700074,SkyLogic Suite,RA_44601,Navigation Calibration Required,RA_37098,11/8/2026,6/12/2026,MEV700074,Rensselaer CargoMax,Rensselaer Regional 75,Rensselaer CargoMax,Rensselaer A330,RA_34963,,,RA_55680,,MEV700074,1.5
RA_56739,RA-175,Layla van Leeuwen,Maintenance Excellence Group,,RA_70993,MEV700075,FleetPilot Central,RA_53300,Fuel Monitoring Anomaly,RA_37501,11/15/2026,6/12/2026,MEV700075,Rensselaer A330,Rensselaer A220,Rensselaer Regional 75,Rensselaer CargoMax,RA_82751,,,RA_34512,,MEV700075,3.5
RA_13698,RA-176,Khalid Jansen,Fleet Engineering East,,RA_84488,MEV700076,SkyLogic Suite,RA_46180,Navigation Calibration Required,RA_73236,11/25/2026,6/12/2026,MEV700076,Rensselaer CargoMax,Rensselaer A330,Rensselaer CargoMax,Rensselaer A330,RA_87521,,,RA_34999,,MEV700076,3.6
RA_16022,RA-177,Nisha Petrov,Fleet Engineering East,,RA_1869,MEV700077,AeroTrack Vision,RA_64556,Landing Gear Wear,RA_74375,11/12/2026,6/9/2026,MEV700077,Rensselaer A220,Rensselaer A220,Rensselaer Regional 75,Rensselaer Regional 75,RA_67470,,,RA_20053,,MEV700077,7
RA_89650,RA-178,Ling van Leeuwen,Maintenance Excellence Group,,RA_39079,MEV700078,RunwayLink,RA_20061,Communication Bus Fault,RA_18699,11/19/2026,6/9/2026,MEV700078,Rensselaer CargoMax,Rensselaer A330,Rensselaer A330,Rensselaer A900,RA_72599,,,RA_36054,,MEV700078,6
RA_55467,RA-179,Taylor Saleh,Fleet Engineering West,,RA_2019,MEV700079,FlightNav Pro,RA_96365,Navigation Calibration Required,RA_6824,11/26/2026,6/9/2026,MEV700079,Rensselaer A900,Rensselaer A900,Rensselaer A330,Rensselaer A330,RA_49878,,,RA_84533,,MEV700079,8.1
RA_98869,RA-180,Anouk Haddad,,,RA_760,MEV700080,AeroTrack Vision,RA_18023,Hydraulic Pressure Deviation,RA_51789,7/29/2026,6/9/2026,MEV700080,Rensselaer Regional 75,Rensselaer A900,Rensselaer Regional 75,Rensselaer A330,RA_39217,,,RA_96069,,MEV700080,7
RA_89919,RA-181,Jun Torres,,,RA_59138,MEV700081,SkyLogic Suite,RA_72465,Hydraulic Pressure Deviation,RA_76154,11/12/2026,6/9/2026,MEV700081,Rensselaer A220,Rensselaer Regional 75,Rensselaer A900,Rensselaer A900,RA_1327,,,RA_25705,,MEV700081,4.7
RA_26384,RA-182,Pavel Mercado,,,RA_53309,MEV700082,FleetPilot Central,RA_23980,Navigation Calibration Required,RA_9315,11/19/2026,6/9/2026,MEV700082,Rensselaer A220,Rensselaer CargoMax,Rensselaer A330,Rensselaer Regional 75,RA_30080,,,RA_7453,,MEV700082,8.3
RA_37014,RA-183,Taylor Li,,,RA_23103,MEV700083,SkyLogic Suite,RA_5792,Communication Bus Fault,RA_85985,11/26/2026,6/9/2026,MEV700083,Rensselaer Regional 75,Rensselaer A220,Rensselaer A900,Rensselaer CargoMax,RA_27324,,,RA_39143,,MEV700083,2.5
RA_21874,RA-184,Javier Taylor,,,RA_22245,MEV700084,AeroTrack Vision,RA_99609,Landing Gear Wear,RA_55324,7/29/2026,6/9/2026,MEV700084,Rensselaer Regional 75,Rensselaer CargoMax,Rensselaer A330,Rensselaer A220,RA_98877,,,RA_21028,,MEV700084,1.2
RA_43847,RA-185,Pilar de Boer,,,RA_40632,MEV700085,Altitude Manager,RA_22775,Cabin Environmental Sensor Drift,RA_54631,11/12/2026,6/9/2026,MEV700085,Rensselaer Regional 75,Rensselaer A330,Rensselaer A220,Rensselaer A900,RA_42935,,,RA_62,,MEV700085,1.8
RA_13538,RA-186,Khalid Nair,,,RA_39802,MEV700086,SkyLogic Suite,RA_33441,Fuel Monitoring Anomaly,RA_72751,11/19/2026,6/9/2026,MEV700086,Rensselaer A220,Rensselaer Regional 75,Rensselaer A220,Rensselaer A220,RA_13409,,,RA_37452,,MEV700086,7.5
RA_3700,RA-187,Duke Mehta,,,RA_95521,MEV700087,Altitude Manager,RA_98116,Communication Bus Fault,RA_69430,11/26/2026,6/9/2026,MEV700087,Rensselaer Regional 75,Rensselaer A900,Rensselaer Regional 75,Rensselaer Regional 75,RA_90195,,,RA_45304,,MEV700087,5.2
RA_93099,RA-188,Jun Ramos,Avionics Operations,RA_19141,RA_5618,MEV700088,AeroTrack Vision,RA_56806,Cabin Environmental Sensor Drift,RA_11966,11/8/2026,6/12/2026,MEV700088,Rensselaer Regional 75,Rensselaer A900,Rensselaer CargoMax,Rensselaer A330,RA_56205,,,RA_49242,,MEV700088,2.5
RA_95289,RA-189,Pooja Chen,Aircraft Reliability Team,RA_52338,RA_75908,MEV700089,SkyLogic Suite,RA_98108,Landing Gear Wear,RA_93878,11/15/2026,6/12/2026,MEV700089,Rensselaer A220,Rensselaer Regional 75,Rensselaer A220,Rensselaer A330,RA_34615,,,RA_24600,,MEV700089,5.5
RA_99072,RA-190,Emily Ma,Maintenance Excellence Group,RA_86732,RA_88947,MEV700090,FleetPilot Central,RA_55964,Weather Radar Intermittent Signal,RA_91635,11/25/2026,6/12/2026,MEV700090,Rensselaer A220,Rensselaer A220,Rensselaer A330,Rensselaer Regional 75,RA_85869,,,RA_74985,,MEV700090,2.4
RA_45047,RA-191,Tessa Iyer,Technical Operations Center,RA_86461,RA_56776,MEV700091,AeroControl X,RA_14793,Hydraulic Pressure Deviation,RA_91929,11/8/2026,6/12/2026,MEV700091,Rensselaer A900,Rensselaer CargoMax,Rensselaer A330,Rensselaer CargoMax,RA_41834,,,RA_9507,,MEV700091,7.3
RA_73072,RA-192,Elena Mercado,Avionics Operations,RA_3987,RA_9549,MEV700092,AeroControl X,RA_6354,Weather Radar Intermittent Signal,RA_38390,11/15/2026,6/12/2026,MEV700092,Rensselaer CargoMax,Rensselaer A330,Rensselaer A220,Rensselaer CargoMax,RA_17986,,,RA_11291,,MEV700092,5
RA_31797,RA-193,Bo Mulder,Fleet Engineering West,RA_3155,RA_32984,MEV700093,Altitude Manager,RA_38271,Fuel Monitoring Anomaly,RA_45718,11/25/2026,6/12/2026,MEV700093,Rensselaer A330,Rensselaer CargoMax,Rensselaer A220,Rensselaer Regional 75,RA_96361,,,RA_30726,,MEV700093,4.4
RA_10121,RA-194,Lotte Johnson,Avionics Operations,RA_13043,RA_90088,MEV700094,AeroTrack Vision,RA_63524,Landing Gear Wear,RA_68871,7/29/2026,6/12/2026,MEV700094,Rensselaer A220,Rensselaer A900,Rensselaer CargoMax,Rensselaer Regional 75,RA_73097,,,RA_11891,,MEV700094,3.7
RA_25555,RA-195,Taylor Murphy,Avionics Operations,RA_78116,RA_80262,MEV700095,Altitude Manager,RA_8229,Fuel Monitoring Anomaly,RA_7093,11/8/2026,6/12/2026,MEV700095,Rensselaer A330,Rensselaer Regional 75,Rensselaer A220,Rensselaer Regional 75,RA_67896,,,RA_78075,,MEV700095,6.7
RA_61186,RA-196,Hassan Ma,Fleet Engineering West,RA_3993,RA_75189,MEV700096,AeroTrack Vision,RA_63798,Weather Radar Intermittent Signal,RA_5974,11/15/2026,6/12/2026,MEV700096,Rensselaer A900,Rensselaer A900,Rensselaer Regional 75,Rensselaer Regional 75,RA_40811,,,RA_70137,,MEV700096,4.3
RA_54889,RA-197,Jeroen Mulder,Maintenance Excellence Group,RA_74914,RA_23817,MEV700097,AeroTrack Vision,RA_44526,Landing Gear Wear,RA_14912,11/25/2026,6/12/2026,MEV700097,Rensselaer CargoMax,Rensselaer A900,Rensselaer CargoMax,Rensselaer Regional 75,RA_59367,,,RA_82448,,MEV700097,1.8
RA_8747,RA-198,Noor van Dijk,Avionics Operations,RA_33528,RA_1085,MEV700098,AeroControl X,RA_13883,Cabin Environmental Sensor Drift,RA_76708,7/29/2026,6/12/2026,MEV700098,Rensselaer CargoMax,Rensselaer A330,Rensselaer A220,Rensselaer Regional 75,RA_96406,,,RA_70328,,MEV700098,2.1
RA_32793,RA-199,Khalid Taylor,Maintenance Excellence Group,RA_72885,RA_14902,MEV700099,FleetPilot Central,RA_62089,Cabin Environmental Sensor Drift,RA_3958,11/8/2026,6/12/2026,MEV700099,Rensselaer CargoMax,Rensselaer A220,Rensselaer A330,Rensselaer A330,RA_20093,,,RA_89353,,MEV700099,9.7
RA_55155,RA-200,Arjun Sánchez,Maintenance Excellence Group,RA_56622,RA_55392,MEV700100,FleetPilot Central,RA_22030,Weather Radar Intermittent Signal,RA_68084,11/15/2026,6/12/2026,MEV700100,Rensselaer A900,Rensselaer A220,Rensselaer A220,Rensselaer A220,RA_21330,,,RA_3569,,MEV700100,9.2
RA_48179,RA-201,Samir Gupta,Maintenance Excellence Group,RA_74370,RA_75885,MEV700101,SkyLogic Suite,RA_56626,Weather Radar Intermittent Signal,RA_14471,11/25/2026,6/12/2026,MEV700101,Rensselaer Regional 75,Rensselaer A330,Rensselaer Regional 75,Rensselaer CargoMax,RA_77448,,,RA_41511,,MEV700101,7.3
RA_82154,RA-202,Angelica Miller,Fleet Engineering East,RA_66302,RA_15957,MEV700102,Altitude Manager,RA_19153,Hydraulic Pressure Deviation,RA_69738,11/8/2026,6/12/2026,MEV700102,Rensselaer CargoMax,Rensselaer Regional 75,Rensselaer Regional 75,Rensselaer A220,RA_52509,,,RA_54321,,MEV700102,3.4
RA_79380,RA-203,Meera Xu,Flight Systems Engineering,RA_62614,RA_15172,MEV700103,FleetPilot Central,RA_73339,Cabin Environmental Sensor Drift,RA_53691,11/15/2026,6/12/2026,MEV700103,Rensselaer CargoMax,Rensselaer CargoMax,Rensselaer A330,Rensselaer A330,RA_10082,,,RA_56046,,MEV700103,9.7
RA_24254,RA-204,Raj Miller,Maintenance Excellence Group,RA_57192,RA_2398,MEV700104,RunwayLink,RA_70522,Hydraulic Pressure Deviation,RA_68051,11/25/2026,6/12/2026,MEV700104,Rensselaer A900,Rensselaer Regional 75,Rensselaer CargoMax,Rensselaer A900,RA_22780,,,RA_47421,,MEV700104,8
RA_59348,RA-205,Pavel Zhao,Fleet Engineering West,,RA_98912,MEV700105,FlightNav Pro,RA_76579,Weather Radar Intermittent Signal,RA_11963,11/12/2026,6/9/2026,MEV700105,Rensselaer Regional 75,Rensselaer CargoMax,Rensselaer A330,Rensselaer A220,RA_20110,,,RA_39542,,MEV700105,7.5
RA_28310,RA-206,Sofía Wang,Flight Systems Engineering,,RA_48540,MEV700106,SkyLogic Suite,RA_32534,Fuel Monitoring Anomaly,RA_59746,11/19/2026,6/9/2026,MEV700106,Rensselaer CargoMax,Rensselaer A220,Rensselaer A220,Rensselaer A900,RA_27646,,,RA_82494,,MEV700106,5
RA_99812,RA-207,Kavya Chopra,Maintenance Excellence Group,,RA_70579,MEV700107,SkyLogic Suite,RA_29842,Landing Gear Wear,RA_10434,11/26/2026,6/9/2026,MEV700107,Rensselaer CargoMax,Rensselaer A900,Rensselaer A330,Rensselaer A330,RA_25326,,,RA_31787,,MEV700107,3.5
RA_99651,RA-208,Sanne Mendoza,Fleet Engineering West,,RA_2294,MEV700108,AeroControl X,RA_36664,Cabin Environmental Sensor Drift,RA_80591,11/8/2026,6/12/2026,MEV700108,Rensselaer Regional 75,Rensselaer A900,Rensselaer CargoMax,Rensselaer CargoMax,RA_31922,,,RA_94359,,MEV700108,1.9
RA_31279,RA-209,Liza de Vries,Fleet Engineering West,,RA_25289,MEV700109,Altitude Manager,RA_22349,Landing Gear Wear,RA_2324,11/15/2026,6/12/2026,MEV700109,Rensselaer A220,Rensselaer Regional 75,Rensselaer A900,Rensselaer A900,RA_38236,,,RA_48006,,MEV700109,9.1
RA_30072,RA-210,Alejandro Sánchez,Aircraft Reliability Team,,RA_49951,MEV700110,RunwayLink,RA_2398,Hydraulic Pressure Deviation,RA_21520,11/25/2026,6/12/2026,MEV700110,Rensselaer A220,Rensselaer A330,Rensselaer A330,Rensselaer A330,RA_9088,,,RA_74416,,MEV700110,5.1
RA_25937,RA-211,Liza Reddy,Aircraft Reliability Team,,RA_55543,MEV700111,FleetPilot Central,RA_12551,Hydraulic Pressure Deviation,RA_39037,11/12/2026,6/9/2026,MEV700111,Rensselaer CargoMax,Rensselaer CargoMax,Rensselaer CargoMax,Rensselaer Regional 75,RA_60731,,,RA_50633,,MEV700111,2.8
RA_98032,RA-212,Ananya Taylor,Avionics Operations,,RA_96975,MEV700112,FleetPilot Central,RA_4287,Navigation Calibration Required,RA_30866,11/19/2026,6/9/2026,MEV700112,Rensselaer A330,Rensselaer A900,Rensselaer A900,Rensselaer CargoMax,RA_43679,,,RA_11880,,MEV700112,3.8
RA_30204,RA-213,Mei Morozov,Maintenance Excellence Group,,RA_32125,MEV700113,AeroTrack Vision,RA_76792,Fuel Monitoring Anomaly,RA_75500,11/26/2026,6/9/2026,MEV700113,Rensselaer Regional 75,Rensselaer Regional 75,Rensselaer CargoMax,Rensselaer Regional 75,RA_78026,,,RA_75403,,MEV700113,6.2
RA_75556,RA-214,Samir Romanov,,,RA_71804,MEV700114,SkyLogic Suite,RA_48670,Communication Bus Fault,RA_99633,7/29/2026,6/9/2026,MEV700114,Rensselaer Regional 75,Rensselaer A330,Rensselaer CargoMax,Rensselaer CargoMax,RA_67271,,,RA_12487,,MEV700114,2.6
RA_48725,RA-215,Lotte Jansen,,,RA_44219,MEV700115,Altitude Manager,RA_28134,Communication Bus Fault,RA_36819,11/12/2026,6/9/2026,MEV700115,Rensselaer A330,Rensselaer A220,Rensselaer A900,Rensselaer CargoMax,RA_9659,,,RA_74008,,MEV700115,8.7
RA_40464,RA-216,Ling Zhao,,,RA_25915,MEV700116,Altitude Manager,RA_94844,Cabin Environmental Sensor Drift,RA_82946,11/19/2026,6/9/2026,MEV700116,Rensselaer Regional 75,Rensselaer A330,Rensselaer A330,Rensselaer A220,RA_52794,,,RA_77520,,MEV700116,7.8
RA_67454,RA-217,Rico Abboud,,,RA_22628,MEV700117,Altitude Manager,RA_53856,Cabin Environmental Sensor Drift,RA_23391,11/26/2026,6/9/2026,MEV700117,Rensselaer A900,Rensselaer A220,Rensselaer A900,Rensselaer CargoMax,RA_4901,,,RA_80176,,MEV700117,7.5
RA_94571,RA-218,Dmitri Martínez,,,RA_93971,MEV700118,AeroTrack Vision,RA_67624,Hydraulic Pressure Deviation,RA_51393,7/29/2026,6/9/2026,MEV700118,Rensselaer Regional 75,Rensselaer Regional 75,Rensselaer A330,Rensselaer A220,RA_55741,,,RA_93563,,MEV700118,4.9
RA_54225,RA-219,Yue Volkov,,,RA_88037,MEV700119,AeroControl X,RA_27925,Communication Bus Fault,RA_92774,11/12/2026,6/9/2026,MEV700119,Rensselaer Regional 75,Rensselaer A330,Rensselaer CargoMax,Rensselaer A900,RA_91959,,,RA_8810,,MEV700119,6.6
RA_66983,RA-220,Layla Zhao,,,RA_76136,MEV700120,FleetPilot Central,RA_95236,Fuel Monitoring Anomaly,RA_71150,11/19/2026,6/9/2026,MEV700120,Rensselaer Regional 75,Rensselaer Regional 75,Rensselaer A330,Rensselaer CargoMax,RA_80795,,,RA_67641,,MEV700120,6.3
RA_23118,RA-221,Noor Anderson,,,RA_37746,MEV700121,Altitude Manager,RA_2621,Communication Bus Fault,RA_24210,11/26/2026,6/9/2026,MEV700121,Rensselaer A220,Rensselaer A220,Rensselaer Regional 75,Rensselaer A900,RA_57712,,,RA_26308,,MEV700121,6.8
RA_8739,RA-222,Mikhail Reddy,Fleet Engineering East,RA_93108,RA_50503,MEV700122,RunwayLink,RA_66778,Landing Gear Wear,RA_84576,11/8/2026,6/12/2026,MEV700122,Rensselaer A900,Rensselaer A900,Rensselaer A900,Rensselaer CargoMax,RA_10258,,,RA_66231,,MEV700122,1.8
RA_31817,RA-223,Jeroen Bos,Fleet Engineering West,RA_90203,RA_33355,MEV700123,RunwayLink,RA_80692,Cabin Environmental Sensor Drift,RA_98087,11/15/2026,6/12/2026,MEV700123,Rensselaer Regional 75,Rensselaer A900,Rensselaer A900,Rensselaer A220,RA_39607,,,RA_4533,,MEV700123,4.7
RA_90179,RA-224,Lian Garcia,Technical Operations Center,RA_8691,RA_10643,MEV700124,AeroTrack Vision,RA_75663,Hydraulic Pressure Deviation,RA_46676,11/25/2026,6/12/2026,MEV700124,Rensselaer A900,Rensselaer A220,Rensselaer A220,Rensselaer Regional 75,RA_7155,,,RA_42981,,MEV700124,1.4
RA_20037,RA-225,Yasmin Pavlov,Fleet Engineering East,RA_75574,RA_22215,MEV700125,AeroControl X,RA_57727,Communication Bus Fault,RA_91799,11/8/2026,6/12/2026,MEV700125,Rensselaer A900,Rensselaer CargoMax,Rensselaer CargoMax,Rensselaer CargoMax,RA_49908,,,RA_90323,,MEV700125,5.4
RA_36080,RA-226,Rico Dela Cruz,Technical Operations Center,RA_39932,RA_83386,MEV700126,AeroTrack Vision,RA_9351,Communication Bus Fault,RA_52820,11/15/2026,6/12/2026,MEV700126,Rensselaer A900,Rensselaer CargoMax,Rensselaer CargoMax,Rensselaer A330,RA_2302,,,RA_48901,,MEV700126,4
RA_33219,RA-227,Khalid Bennett,Avionics Operations,RA_6197,RA_16921,MEV700127,FlightNav Pro,RA_72051,Navigation Calibration Required,RA_63634,11/25/2026,6/12/2026,MEV700127,Rensselaer A330,Rensselaer A900,Rensselaer A330,Rensselaer Regional 75,RA_74873,,,RA_80568,,MEV700127,2.3
RA_54515,RA-228,Rico Popov,Aircraft Reliability Team,RA_81778,RA_71198,MEV700128,SkyLogic Suite,RA_64936,Weather Radar Intermittent Signal,RA_60675,7/29/2026,6/12/2026,MEV700128,Rensselaer Regional 75,Rensselaer A900,Rensselaer Regional 75,Rensselaer A220,RA_35486,,,RA_15913,,MEV700128,1.9
RA_20347,RA-229,Fatima Patel,Avionics Operations,RA_1171,RA_65941,MEV700129,FleetPilot Central,RA_67498,Cabin Environmental Sensor Drift,RA_49400,11/8/2026,6/12/2026,MEV700129,Rensselaer A220,Rensselaer A330,Rensselaer CargoMax,Rensselaer A330,RA_93916,,,RA_41563,,MEV700129,6.3
RA_70898,RA-230,Yasmin Xu,Fleet Engineering East,RA_21869,RA_62801,MEV700130,AeroTrack Vision,RA_637,Fuel Monitoring Anomaly,RA_37455,11/15/2026,6/12/2026,MEV700130,Rensselaer A220,Rensselaer A330,Rensselaer Regional 75,Rensselaer A900,RA_78046,,,RA_25059,,MEV700130,2.5
RA_5016,RA-231,Zain Romanov,Fleet Engineering West,RA_57708,RA_19254,MEV700131,AeroTrack Vision,RA_91048,Weather Radar Intermittent Signal,RA_14329,11/25/2026,6/12/2026,MEV700131,Rensselaer A220,Rensselaer A900,Rensselaer A220,Rensselaer A220,RA_85754,,,RA_72439,,MEV700131,9.3
RA_56529,RA-232,Vikram Ramírez,Flight Systems Engineering,RA_94962,RA_91142,MEV700132,FleetPilot Central,RA_22495,Landing Gear Wear,RA_77598,7/29/2026,6/12/2026,MEV700132,Rensselaer A220,Rensselaer CargoMax,Rensselaer A900,Rensselaer Regional 75,RA_30960,,,RA_89171,,MEV700132,6.2
RA_25853,RA-233,Rami Morales,Maintenance Excellence Group,RA_9132,RA_12491,MEV700133,SkyLogic Suite,RA_40716,Navigation Calibration Required,RA_94356,11/8/2026,6/12/2026,MEV700133,Rensselaer Regional 75,Rensselaer A330,Rensselaer Regional 75,Rensselaer A900,RA_91284,,,RA_9892,,MEV700133,4.1
RA_88848,RA-234,Javier Bennett,Avionics Operations,RA_64533,RA_68827,MEV700134,FlightNav Pro,RA_97141,Cabin Environmental Sensor Drift,RA_54333,11/15/2026,6/12/2026,MEV700134,Rensselaer A220,Rensselaer A220,Rensselaer CargoMax,Rensselaer A900,RA_42676,,,RA_62494,,MEV700134,6.3
RA_80448,RA-235,Boris Kok,Fleet Engineering West,RA_77929,RA_98355,MEV700135,RunwayLink,RA_2584,Weather Radar Intermittent Signal,RA_60120,11/25/2026,6/12/2026,MEV700135,Rensselaer A900,Rensselaer A330,Rensselaer A900,Rensselaer A220,RA_19230,,,RA_19665,,MEV700135,1.2
RA_23514,RA-236,Rami Volkov,Maintenance Excellence Group,RA_88846,RA_36564,MEV700136,RunwayLink,RA_37191,Fuel Monitoring Anomaly,RA_75916,11/8/2026,6/12/2026,MEV700136,Rensselaer A330,Rensselaer A330,Rensselaer Regional 75,Rensselaer Regional 75,RA_69637,,,RA_95793,,MEV700136,9.6
RA_37532,RA-237,Rico Menon,Aircraft Reliability Team,RA_29962,RA_98881,MEV700137,AeroControl X,RA_2082,Communication Bus Fault,RA_74941,11/15/2026,6/12/2026,MEV700137,Rensselaer CargoMax,Rensselaer A330,Rensselaer Regional 75,Rensselaer A220,RA_35647,,,RA_85751,,MEV700137,5.3
RA_19686,RA-238,Jose Rao,Aircraft Reliability Team,RA_58495,RA_65806,MEV700138,AeroTrack Vision,RA_21873,Weather Radar Intermittent Signal,RA_26054,11/25/2026,6/12/2026,MEV700138,Rensselaer A220,Rensselaer Regional 75,Rensselaer A330,Rensselaer A330,RA_14527,,,RA_6720,,MEV700138,8
RA_35205,RA-239,Koen Mendoza,Maintenance Excellence Group,,RA_94407,MEV700139,SkyLogic Suite,RA_99966,Hydraulic Pressure Deviation,RA_70931,11/12/2026,6/9/2026,MEV700139,Rensselaer CargoMax,Rensselaer A220,Rensselaer A900,Rensselaer A330,RA_81714,,,RA_30475,,MEV700139,1.7
RA_7068,RA-240,Rafael Aziz,Aircraft Reliability Team,,RA_78136,MEV700140,AeroControl X,RA_48828,Weather Radar Intermittent Signal,RA_46122,11/19/2026,6/9/2026,MEV700140,Rensselaer CargoMax,Rensselaer A900,Rensselaer Regional 75,Rensselaer CargoMax,RA_24392,,,RA_82139,,MEV700140,5.4
RA_38968,RA-241,Olga Moore,Fleet Engineering West,,RA_27389,MEV700141,RunwayLink,RA_74222,Landing Gear Wear,RA_85586,11/26/2026,6/9/2026,MEV700141,Rensselaer CargoMax,Rensselaer CargoMax,Rensselaer A330,Rensselaer A900,RA_59931,,,RA_8926,,MEV700141,5.4
RA_71949,RA-242,Sanne Zhang,Avionics Operations,,RA_96807,MEV700142,AeroControl X,RA_72909,Weather Radar Intermittent Signal,RA_12974,11/8/2026,6/12/2026,MEV700142,Rensselaer A900,Rensselaer CargoMax,Rensselaer CargoMax,Rensselaer CargoMax,RA_40762,,,RA_86030,,MEV700142,9.4
RA_65125,RA-243,Maria Davis,Fleet Engineering West,,RA_54057,MEV700143,AeroControl X,RA_38488,Landing Gear Wear,RA_97730,11/15/2026,6/12/2026,MEV700143,Rensselaer A220,Rensselaer A900,Rensselaer Regional 75,Rensselaer Regional 75,RA_80787,,,RA_41968,,MEV700143,6.1
RA_12570,RA-244,Li Santos,Fleet Engineering West,,RA_98976,MEV700144,FlightNav Pro,RA_11320,Landing Gear Wear,RA_37336,11/25/2026,6/12/2026,MEV700144,Rensselaer Regional 75,Rensselaer Regional 75,Rensselaer A330,Rensselaer A330,RA_13624,,,RA_46019,,MEV700144,5.3
RA_48316,RA-245,Anya Al-Fayed,Maintenance Excellence Group,,RA_14964,MEV700145,FlightNav Pro,RA_29881,Fuel Monitoring Anomaly,RA_64183,11/12/2026,6/9/2026,MEV700145,Rensselaer A900,Rensselaer CargoMax,Rensselaer A330,Rensselaer CargoMax,RA_89436,,,RA_73583,,MEV700145,3.4
RA_36277,RA-246,Elena Bennett,Flight Systems Engineering,,RA_90242,MEV700146,AeroControl X,RA_42961,Hydraulic Pressure Deviation,RA_6284,11/19/2026,6/9/2026,MEV700146,Rensselaer Regional 75,Rensselaer A330,Rensselaer A900,Rensselaer A330,RA_83080,,,RA_93303,,MEV700146,4
RA_33777,RA-247,Anouk Hernández,Flight Systems Engineering,,RA_26926,MEV700147,Altitude Manager,RA_92430,Communication Bus Fault,RA_29113,11/26/2026,6/9/2026,MEV700147,Rensselaer A220,Rensselaer CargoMax,Rensselaer A330,Rensselaer A330,RA_31681,,,RA_92933,,MEV700147,5.7
RA_25719,RA-248,Jun Villanueva,,,RA_83581,MEV700148,FleetPilot Central,RA_52597,Navigation Calibration Required,RA_7276,7/29/2026,6/9/2026,MEV700148,Rensselaer A900,Rensselaer A220,Rensselaer Regional 75,Rensselaer A330,RA_17932,,,RA_18543,,MEV700148,5
RA_28086,RA-249,Marisol Al-Fayed,,,RA_97042,MEV700149,RunwayLink,RA_58206,Landing Gear Wear,RA_35749,11/12/2026,6/9/2026,MEV700149,Rensselaer CargoMax,Rensselaer A220,Rensselaer A220,Rensselaer A220,RA_65855,,,RA_60289,,MEV700149,1.2
RA_66125,RA-250,Angelica Abboud,,,RA_6723,MEV700150,RunwayLink,RA_79330,Weather Radar Intermittent Signal,RA_58822,11/19/2026,6/9/2026,MEV700150,Rensselaer A900,Rensselaer A900,Rensselaer CargoMax,Rensselaer CargoMax,RA_6674,,,RA_93059,,MEV700150,8.4
RA_68413,RA-251,Ashley Ivanov,,,RA_38841,MEV700151,FlightNav Pro,RA_35133,Fuel Monitoring Anomaly,RA_95261,11/26/2026,6/9/2026,MEV700151,Rensselaer A900,Rensselaer Regional 75,Rensselaer Regional 75,Rensselaer A900,RA_89945,,,RA_63593,,MEV700151,9.1
RA_55976,RA-252,Samir Xu,,,RA_60425,MEV700152,Altitude Manager,RA_59532,Weather Radar Intermittent Signal,RA_49432,7/29/2026,6/9/2026,MEV700152,Rensselaer A220,Rensselaer Regional 75,Rensselaer Regional 75,Rensselaer CargoMax,RA_67808,,,RA_15172,,MEV700152,2.3
RA_75118,RA-253,Miguel Ma,,,RA_76791,MEV700153,Altitude Manager,RA_88726,Landing Gear Wear,RA_41176,11/12/2026,6/9/2026,MEV700153,Rensselaer CargoMax,Rensselaer CargoMax,Rensselaer CargoMax,Rensselaer A900,RA_34723,,,RA_97650,,MEV700153,6
RA_6341,RA-254,Javier Davis,,,RA_69109,MEV700154,AeroTrack Vision,RA_77659,Fuel Monitoring Anomaly,RA_99054,11/19/2026,6/9/2026,MEV700154,Rensselaer CargoMax,Rensselaer Regional 75,Rensselaer CargoMax,Rensselaer CargoMax,RA_31866,,,RA_56522,,MEV700154,2
RA_74868,RA-255,Cooper van Leeuwen,,,RA_86523,MEV700155,FleetPilot Central,RA_61029,Weather Radar Intermittent Signal,RA_18102,11/26/2026,6/9/2026,MEV700155,Rensselaer A330,Rensselaer Regional 75,Rensselaer A330,Rensselaer CargoMax,RA_4418,,,RA_27510,,MEV700155,7.1
RA_1551,RA-256,Tessa Wang,Fleet Engineering West,RA_13115,RA_58581,MEV700156,AeroControl X,RA_78512,Communication Bus Fault,RA_35485,11/8/2026,6/12/2026,MEV700156,Rensselaer A330,Rensselaer CargoMax,Rensselaer Regional 75,Rensselaer A330,RA_45698,,,RA_88250,,MEV700156,3.5
RA_29928,RA-257,Sergei Navarro,Flight Systems Engineering,RA_24665,RA_76131,MEV700157,AeroTrack Vision,RA_60906,Communication Bus Fault,RA_11881,11/15/2026,6/12/2026,MEV700157,Rensselaer Regional 75,Rensselaer A220,Rensselaer A330,Rensselaer A900,RA_72543,,,RA_24419,,MEV700157,6.9
RA_22653,RA-258,Ivan Smit,Aircraft Reliability Team,RA_54810,RA_33762,MEV700158,AeroTrack Vision,RA_59750,Cabin Environmental Sensor Drift,RA_28933,11/25/2026,6/12/2026,MEV700158,Rensselaer A330,Rensselaer A330,Rensselaer A900,Rensselaer A900,RA_20760,,,RA_31241,,MEV700158,7.5
RA_7053,RA-259,Isabella Kok,Fleet Engineering East,RA_70991,RA_56994,MEV700159,Altitude Manager,RA_25032,Hydraulic Pressure Deviation,RA_36226,11/8/2026,6/12/2026,MEV700159,Rensselaer A220,Rensselaer A900,Rensselaer A330,Rensselaer A900,RA_95379,,,RA_7109,,MEV700159,7.9
RA_26923,RA-260,Angelica Al-Fayed,Technical Operations Center,RA_65719,RA_1583,MEV700160,Altitude Manager,RA_60362,Weather Radar Intermittent Signal,RA_16805,11/15/2026,6/12/2026,MEV700160,Rensselaer A900,Rensselaer A220,Rensselaer A900,Rensselaer CargoMax,RA_51566,,,RA_24027,,MEV700160,2
RA_3132,RA-261,Lian Davis,Fleet Engineering East,RA_86438,RA_31663,MEV700161,Altitude Manager,RA_52086,Hydraulic Pressure Deviation,RA_71939,11/25/2026,6/12/2026,MEV700161,Rensselaer CargoMax,Rensselaer Regional 75,Rensselaer A220,Rensselaer A900,RA_80964,,,RA_81338,,MEV700161,9.2
RA_79169,RA-262,Jackson Petrov,Technical Operations Center,RA_25174,RA_58692,MEV700162,AeroControl X,RA_98783,Landing Gear Wear,RA_78613,7/29/2026,6/12/2026,MEV700162,Rensselaer A900,Rensselaer Regional 75,Rensselaer Regional 75,Rensselaer CargoMax,RA_38905,,,RA_59531,,MEV700162,3.1
RA_83064,RA-263,Fatima Wang,Fleet Engineering East,RA_17118,RA_53692,MEV700163,AeroControl X,RA_73764,Landing Gear Wear,RA_92404,11/8/2026,6/12/2026,MEV700163,Rensselaer A220,Rensselaer CargoMax,Rensselaer A900,Rensselaer A220,RA_29549,,,RA_46346,,MEV700163,1.3
RA_86552,RA-264,Chen Haddad,Fleet Engineering West,RA_25793,RA_57916,MEV700164,AeroTrack Vision,RA_13069,Landing Gear Wear,RA_38793,11/15/2026,6/12/2026,MEV700164,Rensselaer A900,Rensselaer A900,Rensselaer A220,Rensselaer A330,RA_48563,,,RA_11781,,MEV700164,6
RA_14743,RA-265,Khalid Ramos,Maintenance Excellence Group,RA_30868,RA_64353,MEV700165,AeroTrack Vision,RA_35019,Hydraulic Pressure Deviation,RA_64427,11/25/2026,6/12/2026,MEV700165,Rensselaer CargoMax,Rensselaer A330,Rensselaer CargoMax,Rensselaer Regional 75,RA_31162,,,RA_79092,,MEV700165,4.3
RA_59309,RA-266,Madison Bakker,Fleet Engineering West,RA_31113,RA_79989,MEV700166,FlightNav Pro,RA_1937,Communication Bus Fault,RA_66907,7/29/2026,6/12/2026,MEV700166,Rensselaer A330,Rensselaer CargoMax,Rensselaer A330,Rensselaer A220,RA_92239,,,RA_76837,,MEV700166,8.5
RA_48793,RA-267,Liza Chopra,Technical Operations Center,RA_80828,RA_35045,MEV700167,RunwayLink,RA_64446,Weather Radar Intermittent Signal,RA_99487,11/8/2026,6/12/2026,MEV700167,Rensselaer Regional 75,Rensselaer CargoMax,Rensselaer A220,Rensselaer A900,RA_3149,,,RA_99050,,MEV700167,8.3
RA_52391,RA-268,Logan Martínez,Maintenance Excellence Group,RA_86212,RA_31173,MEV700168,RunwayLink,RA_95406,Communication Bus Fault,RA_34132,11/15/2026,6/12/2026,MEV700168,Rensselaer CargoMax,Rensselaer A330,Rensselaer A900,Rensselaer A330,RA_59898,,,RA_29090,,MEV700168,3.9
RA_18243,RA-269,Angelica Smit,Aircraft Reliability Team,RA_99911,RA_37362,MEV700169,RunwayLink,RA_4861,Cabin Environmental Sensor Drift,RA_46110,11/25/2026,6/12/2026,MEV700169,Rensselaer CargoMax,Rensselaer A330,Rensselaer Regional 75,Rensselaer A330,RA_98175,,,RA_96126,,MEV700169,9.6
RA_91628,RA-270,Zain Aquino,Flight Systems Engineering,RA_58656,RA_33037,MEV700170,FlightNav Pro,RA_27140,Communication Bus Fault,RA_92559,11/8/2026,6/12/2026,MEV700170,Rensselaer CargoMax,Rensselaer Regional 75,Rensselaer CargoMax,Rensselaer A330,RA_54566,,,RA_7385,,MEV700170,3.6
RA_98543,RA-271,Elena Chen,Fleet Engineering East,RA_77093,RA_65412,MEV700171,RunwayLink,RA_5928,Hydraulic Pressure Deviation,RA_26673,11/15/2026,6/12/2026,MEV700171,Rensselaer CargoMax,Rensselaer CargoMax,Rensselaer CargoMax,Rensselaer A330,RA_85082,,,RA_90181,,MEV700171,5.6
RA_20296,RA-272,Ananya Sharma,Aircraft Reliability Team,RA_8137,RA_78355,MEV700172,Altitude Manager,RA_81910,Fuel Monitoring Anomaly,RA_1093,11/25/2026,6/12/2026,MEV700172,Rensselaer A220,Rensselaer A220,Rensselaer A220,Rensselaer A900,RA_39571,,,RA_99863,,MEV700172,3.3
RA_76127,RA-273,Noor Wu,Aircraft Reliability Team,,RA_80757,MEV700173,AeroControl X,RA_473,Communication Bus Fault,RA_78005,11/8/2026,6/12/2026,MEV700173,Rensselaer CargoMax,Rensselaer A220,Rensselaer A220,Rensselaer A330,RA_66362,,,RA_88766,,MEV700173,9.4
RA_11831,RA-274,Layla Ma,Flight Systems Engineering,,RA_40254,MEV700174,AeroControl X,RA_7730,Cabin Environmental Sensor Drift,RA_81598,11/15/2026,6/12/2026,MEV700174,Rensselaer A900,Rensselaer CargoMax,Rensselaer A330,Rensselaer Regional 75,RA_17351,,,RA_12024,,MEV700174,2.5
RA_53729,RA-275,Anouk Garcia,Aircraft Reliability Team,,RA_11744,MEV700175,RunwayLink,RA_18326,Weather Radar Intermittent Signal,RA_39285,11/25/2026,6/12/2026,MEV700175,Rensselaer A220,Rensselaer A330,Rensselaer CargoMax,Rensselaer Regional 75,RA_3069,,,RA_95423,,MEV700175,1.4
RA_65372,RA-276,Duke Bos,Flight Systems Engineering,RA_62552,RA_73884,MEV700176,AeroTrack Vision,RA_46411,Weather Radar Intermittent Signal,RA_63350,11/8/2026,6/12/2026,MEV700176,Rensselaer A330,Rensselaer A900,Rensselaer CargoMax,Rensselaer A330,RA_77723,,,RA_33001,,MEV700176,4.9
RA_71738,RA-277,Jun Chopra,Avionics Operations,RA_48339,RA_76602,MEV700177,FleetPilot Central,RA_1445,Hydraulic Pressure Deviation,RA_38290,11/15/2026,6/12/2026,MEV700177,Rensselaer A900,Rensselaer A330,Rensselaer A330,Rensselaer CargoMax,RA_94166,,,RA_96672,,MEV700177,9.9
RA_43954,RA-278,Ling Mercado,Flight Systems Engineering,RA_16494,RA_48092,MEV700178,Altitude Manager,RA_66995,Navigation Calibration Required,RA_37635,11/25/2026,6/12/2026,MEV700178,Rensselaer A900,Rensselaer A330,Rensselaer Regional 75,Rensselaer A900,RA_77346,,,RA_37074,,MEV700178,9
RA_88678,RA-279,Valeria Nasser,Technical Operations Center,RA_47291,RA_67580,MEV700179,FlightNav Pro,RA_37015,Cabin Environmental Sensor Drift,RA_10168,11/8/2026,6/12/2026,MEV700179,Rensselaer A900,Rensselaer A900,Rensselaer A330,Rensselaer Regional 75,RA_16333,,,RA_33494,,MEV700179,7.7
RA_47628,RA-280,Tessa Ma,Fleet Engineering East,RA_77656,RA_382,MEV700180,FleetPilot Central,RA_49088,Landing Gear Wear,RA_30192,11/15/2026,6/12/2026,MEV700180,Rensselaer A900,Rensselaer A330,Rensselaer A900,Rensselaer Regional 75,RA_3913,,,RA_22418,,MEV700180,9
RA_82683,RA-281,Teresa Martínez,Maintenance Excellence Group,RA_46372,RA_87637,MEV700181,AeroControl X,RA_85202,Cabin Environmental Sensor Drift,RA_32670,11/25/2026,6/12/2026,MEV700181,Rensselaer A220,Rensselaer A900,Rensselaer A900,Rensselaer Regional 75,RA_60145,,,RA_68764,,MEV700181,9
RA_86862,RA-282,Layla López,Maintenance Excellence Group,,RA_77577,MEV700182,RunwayLink,RA_86274,Communication Bus Fault,RA_69054,11/12/2026,6/10/2026,MEV700182,Rensselaer A330,Rensselaer CargoMax,Rensselaer A220,Rensselaer A220,RA_82781,,,RA_17930,,MEV700182,5.7
RA_73138,RA-283,Lars Rodríguez,Fleet Engineering East,,RA_49085,MEV700183,FlightNav Pro,RA_44955,Weather Radar Intermittent Signal,RA_90885,11/19/2026,6/10/2026,MEV700183,Rensselaer A330,Rensselaer A900,Rensselaer A330,Rensselaer A220,RA_19643,,,RA_17335,,MEV700183,3.8
RA_29639,RA-284,Rafael Ramos,Maintenance Excellence Group,,RA_23686,MEV700184,Altitude Manager,RA_95238,Fuel Monitoring Anomaly,RA_43838,11/26/2026,6/10/2026,MEV700184,Rensselaer CargoMax,Rensselaer A220,Rensselaer A330,Rensselaer Regional 75,RA_92938,,,RA_2583,,MEV700184,7.9
RA_67787,RA-285,Dmitri Pavlov,Flight Systems Engineering,,RA_9482,MEV700185,AeroControl X,RA_22576,Weather Radar Intermittent Signal,RA_18433,7/29/2026,6/9/2026,MEV700185,Rensselaer Regional 75,Rensselaer A900,Rensselaer A220,Rensselaer CargoMax,RA_10502,,,RA_79995,,MEV700185,7
RA_56305,RA-286,Rohan Rao,Technical Operations Center,,RA_71186,MEV700186,RunwayLink,RA_77125,Communication Bus Fault,RA_46803,11/12/2026,6/9/2026,MEV700186,Rensselaer A220,Rensselaer A330,Rensselaer Regional 75,Rensselaer A900,RA_50402,,,RA_35232,,MEV700186,4.4
RA_66573,RA-287,Angelo Ramos,Avionics Operations,,RA_16139,MEV700187,Altitude Manager,RA_12688,Hydraulic Pressure Deviation,RA_85307,11/12/2026,6/9/2026,MEV700187,Rensselaer A330,Rensselaer CargoMax,Rensselaer A330,Rensselaer A900,RA_52985,,,RA_51259,,MEV700187,1.9
RA_2057,RA-288,Jackson Santos,Technical Operations Center,,RA_43513,MEV700188,AeroTrack Vision,RA_23373,Navigation Calibration Required,RA_45986,11/12/2026,6/9/2026,MEV700188,Rensselaer A220,Rensselaer A900,Rensselaer CargoMax,Rensselaer Regional 75,RA_97792,,,RA_92304,,MEV700188,7.7
RA_68882,RA-289,Pooja Karim,Maintenance Excellence Group,,RA_76040,MEV700189,FleetPilot Central,RA_40720,Landing Gear Wear,RA_30984,11/12/2026,6/9/2026,MEV700189,Rensselaer A220,Rensselaer A330,Rensselaer A330,Rensselaer Regional 75,RA_8923,,,RA_19868,,MEV700189,3.4
RA_9283,RA-290,Rohan Aquino,Avionics Operations,,RA_36029,MEV700190,FleetPilot Central,RA_52926,Cabin Environmental Sensor Drift,RA_36760,11/12/2026,6/9/2026,MEV700190,Rensselaer CargoMax,Rensselaer A900,Rensselaer Regional 75,Rensselaer A900,RA_41427,,,RA_16203,,MEV700190,9.4
RA_4384,RA-291,Liza Morozov,Fleet Engineering East,,RA_30009,MEV700191,FleetPilot Central,RA_55774,Navigation Calibration Required,RA_59860,11/26/2026,6/9/2026,MEV700191,Rensselaer A330,Rensselaer CargoMax,Rensselaer A330,Rensselaer CargoMax,RA_22970,,,RA_69043,,MEV700191,3.2
RA_80936,RA-292,Nadia Smit,Avionics Operations,,RA_7632,MEV700192,SkyLogic Suite,RA_29899,Landing Gear Wear,RA_71218,11/26/2026,6/9/2026,MEV700192,Rensselaer Regional 75,Rensselaer CargoMax,Rensselaer CargoMax,Rensselaer A220,RA_9436,,,RA_26745,,MEV700192,2.1
RA_52348,RA-293,Daan Al-Fayed,Aircraft Reliability Team,,RA_24865,MEV700193,RunwayLink,RA_15425,Weather Radar Intermittent Signal,RA_81899,11/26/2026,6/9/2026,MEV700193,Rensselaer Regional 75,Rensselaer A220,Rensselaer A900,Rensselaer A220,RA_72534,,,RA_14662,,MEV700193,8.5
RA_14357,RA-294,Hao Gupta,Fleet Engineering West,,RA_28332,MEV700194,Altitude Manager,RA_59675,Fuel Monitoring Anomaly,RA_51904,7/29/2026,6/12/2026,MEV700194,Rensselaer Regional 75,Rensselaer CargoMax,Rensselaer A900,Rensselaer Regional 75,RA_27691,,,RA_70090,,MEV700194,2.4
RA_36686,RA-295,Omar Miller,Aircraft Reliability Team,,RA_65176,MEV700195,FleetPilot Central,RA_22968,Weather Radar Intermittent Signal,RA_2100,11/8/2026,6/12/2026,MEV700195,Rensselaer A900,Rensselaer A330,Rensselaer Regional 75,Rensselaer A900,RA_78080,,,RA_82285,,MEV700195,2.6
RA_47642,RA-296,Hassan Aquino,Fleet Engineering East,,RA_72594,MEV700196,RunwayLink,RA_80733,Hydraulic Pressure Deviation,RA_50797,11/8/2026,6/12/2026,MEV700196,Rensselaer A330,Rensselaer CargoMax,Rensselaer Regional 75,Rensselaer A220,RA_33744,,,RA_45505,,MEV700196,6.4
RA_63767,RA-297,Bram Iyer,Maintenance Excellence Group,,RA_65497,MEV700197,AeroTrack Vision,RA_85304,Hydraulic Pressure Deviation,RA_44530,11/8/2026,6/12/2026,MEV700197,Rensselaer A900,Rensselaer CargoMax,Rensselaer CargoMax,Rensselaer CargoMax,RA_42827,,,RA_97012,,MEV700197,8.9
RA_63514,RA-298,Kavya Yang,Maintenance Excellence Group,,RA_42845,MEV700198,FleetPilot Central,RA_62066,Fuel Monitoring Anomaly,RA_21319,11/15/2026,6/12/2026,MEV700198,Rensselaer A900,Rensselaer A330,Rensselaer A900,Rensselaer Regional 75,RA_97457,,,RA_25714,,MEV700198,2.8
RA_81386,RA-299,Pieter Sun,Avionics Operations,,RA_64914,MEV700199,Altitude Manager,RA_7221,Cabin Environmental Sensor Drift,RA_77575,11/25/2026,6/12/2026,MEV700199,Rensselaer A900,Rensselaer A330,Rensselaer A900,Rensselaer A330,RA_71029,,,RA_50947,,MEV700199,3.8
RA_97354,RA-300,Rohan Castillo,Flight Systems Engineering,,RA_34413,MEV700200,RunwayLink,RA_25346,Communication Bus Fault,RA_26788,7/29/2026,6/12/2026,MEV700200,Rensselaer CargoMax,Rensselaer CargoMax,Rensselaer A900,Rensselaer Regional 75,RA_22604,,,RA_94716,,MEV700200,8
RA_95720,RA-301,Liza Sharma,Technical Operations Center,,RA_56299,MEV700201,FleetPilot Central,RA_16858,Navigation Calibration Required,RA_70659,11/8/2026,6/12/2026,MEV700201,Rensselaer CargoMax,Rensselaer CargoMax,Rensselaer A900,Rensselaer A330,RA_50419,,,RA_78577,,MEV700201,9.7
RA_69295,RA-302,Jose Miller,Fleet Engineering West,,RA_31740,MEV700202,Altitude Manager,RA_21861,Fuel Monitoring Anomaly,RA_32980,11/15/2026,6/12/2026,MEV700202,Rensselaer A220,Rensselaer A900,Rensselaer CargoMax,Rensselaer Regional 75,RA_84308,,,RA_83881,,MEV700202,5.5
RA_18597,RA-303,Emily Sun,Flight Systems Engineering,,RA_17128,MEV700203,AeroControl X,RA_43222,Navigation Calibration Required,RA_70267,11/25/2026,6/12/2026,MEV700203,Rensselaer A220,Rensselaer CargoMax,Rensselaer Regional 75,Rensselaer A900,RA_29505,,,RA_64876,,MEV700203,2.3
RA_17745,RA-304,Arjun Morales,Fleet Engineering East,,RA_9493,MEV700204,AeroTrack Vision,RA_70662,Landing Gear Wear,RA_90089,7/29/2026,6/12/2026,MEV700204,Rensselaer A330,Rensselaer A220,Rensselaer Regional 75,Rensselaer A900,RA_38333,,,RA_91499,,MEV700204,1.1
RA_28524,RA-305,Katya de Boer,Technical Operations Center,,RA_46467,MEV700205,RunwayLink,RA_34991,Cabin Environmental Sensor Drift,RA_85935,11/8/2026,6/12/2026,MEV700205,Rensselaer A330,Rensselaer A220,Rensselaer A220,Rensselaer A900,RA_4907,,,RA_82581,,MEV700205,3.1
RA_61069,RA-306,Amit Morozov,Maintenance Excellence Group,,RA_12922,MEV700206,Altitude Manager,RA_88615,Hydraulic Pressure Deviation,RA_90031,11/15/2026,6/12/2026,MEV700206,Rensselaer CargoMax,Rensselaer A220,Rensselaer Regional 75,Rensselaer A900,RA_7385,,,RA_53727,,MEV700206,2.2
RA_88483,RA-307,Meera Johnson,Avionics Operations,,RA_62211,MEV700207,Altitude Manager,RA_20474,Cabin Environmental Sensor Drift,RA_99957,11/25/2026,6/12/2026,MEV700207,Rensselaer A220,Rensselaer A220,Rensselaer A900,Rensselaer CargoMax,RA_28423,,,RA_10592,,MEV700207,7.1
RA_63706,RA-308,Pavel Smit,Technical Operations Center,,RA_45182,MEV700208,SkyLogic Suite,RA_44688,Weather Radar Intermittent Signal,RA_71722,11/12/2026,6/9/2026,MEV700208,Rensselaer A220,Rensselaer CargoMax,Rensselaer A330,Rensselaer CargoMax,RA_78999,,,RA_36722,,MEV700208,2.1
RA_45794,RA-309,Sergei Reddy,Maintenance Excellence Group,,RA_76017,MEV700209,RunwayLink,RA_47028,Hydraulic Pressure Deviation,RA_55209,11/12/2026,6/9/2026,MEV700209,Rensselaer A900,Rensselaer A900,Rensselaer A900,Rensselaer A330,RA_16351,,,RA_87068,,MEV700209,5.6
RA_54195,RA-310,Sofía Abboud,Flight Systems Engineering,,RA_67457,MEV700210,AeroControl X,RA_34588,Navigation Calibration Required,RA_38780,11/26/2026,6/9/2026,MEV700210,Rensselaer Regional 75,Rensselaer A330,Rensselaer A900,Rensselaer CargoMax,RA_51904,,,RA_58195,,MEV700210,7.2
RA_68803,RA-311,Javier Abboud,Flight Systems Engineering,,RA_15233,MEV700211,RunwayLink,RA_54233,Communication Bus Fault,RA_34125,11/26/2026,6/9/2026,MEV700211,Rensselaer Regional 75,Rensselaer CargoMax,Rensselaer Regional 75,Rensselaer Regional 75,RA_11986,,,RA_59718,,MEV700211,6.2
RA_47853,RA-312,Katya Morales,Fleet Engineering West,,RA_13420,MEV700212,AeroTrack Vision,RA_9140,Hydraulic Pressure Deviation,RA_68860,11/26/2026,6/9/2026,MEV700212,Rensselaer Regional 75,Rensselaer Regional 75,Rensselaer A220,Rensselaer A900,RA_31140,,,RA_92781,,MEV700212,2.8
RA_88843,RA-313,Mateo Huang,Fleet Engineering West,,RA_66341,MEV700213,SkyLogic Suite,RA_65852,Weather Radar Intermittent Signal,RA_43759,7/29/2026,6/9/2026,MEV700213,Rensselaer CargoMax,Rensselaer CargoMax,Rensselaer CargoMax,Rensselaer A220,RA_56604,,,RA_98737,,MEV700213,8.2
RA_29022,RA-314,Duke García,Avionics Operations,,RA_22173,MEV700214,RunwayLink,RA_44453,Hydraulic Pressure Deviation,RA_68248,11/12/2026,6/9/2026,MEV700214,Rensselaer Regional 75,Rensselaer A220,Rensselaer A330,Rensselaer A220,RA_35483,,,RA_19027,,MEV700214,7.4
RA_9146,RA-315,Maria García,Technical Operations Center,,RA_15343,MEV700215,RunwayLink,RA_13247,Fuel Monitoring Anomaly,RA_4106,11/12/2026,6/9/2026,MEV700215,Rensselaer Regional 75,Rensselaer Regional 75,Rensselaer A330,Rensselaer A220,RA_31266,,,RA_62192,,MEV700215,7.7
RA_75161,RA-316,Javier Orlov,Fleet Engineering West,,RA_64044,MEV700216,FleetPilot Central,RA_5436,Communication Bus Fault,RA_91186,11/26/2026,6/9/2026,MEV700216,Rensselaer A900,Rensselaer CargoMax,Rensselaer A220,Rensselaer Regional 75,RA_81741,,,RA_21377,,MEV700216,2.2
RA_64985,RA-317,Elena Mulder,Flight Systems Engineering,,RA_45987,MEV700217,Altitude Manager,RA_35358,Navigation Calibration Required,RA_36174,11/26/2026,6/9/2026,MEV700217,Rensselaer A330,Rensselaer A900,Rensselaer A900,Rensselaer A220,RA_63168,,,RA_58282,,MEV700217,2.1
RA_41240,RA-318,Duke Hernández,Technical Operations Center,RA_104,RA_81920,MEV700218,AeroTrack Vision,RA_87149,Weather Radar Intermittent Signal,RA_462,7/29/2026,6/12/2026,MEV700218,Rensselaer CargoMax,Rensselaer A900,Rensselaer CargoMax,Rensselaer A220,RA_70144,,,RA_30397,,MEV700218,9.3
RA_87295,RA-319,Pavel Bos,Flight Systems Engineering,RA_22065,RA_48683,MEV700219,AeroControl X,RA_44062,Fuel Monitoring Anomaly,RA_22337,11/8/2026,6/12/2026,MEV700219,Rensselaer A220,Rensselaer Regional 75,Rensselaer CargoMax,Rensselaer A330,RA_92952,,,RA_8498,,MEV700219,4.6
RA_56182,RA-320,Hao Miller,Fleet Engineering East,RA_70868,RA_11328,MEV700220,SkyLogic Suite,RA_1883,Landing Gear Wear,RA_45311,11/15/2026,6/12/2026,MEV700220,Rensselaer A900,Rensselaer A330,Rensselaer CargoMax,Rensselaer Regional 75,RA_14763,,,RA_46606,,MEV700220,3.7
RA_50507,RA-321,Diego Huang,Flight Systems Engineering,RA_81276,RA_80304,MEV700221,Altitude Manager,RA_49754,Cabin Environmental Sensor Drift,RA_78099,11/25/2026,6/12/2026,MEV700221,Rensselaer Regional 75,Rensselaer Regional 75,Rensselaer Regional 75,Rensselaer Regional 75,RA_63798,,,RA_45755,,MEV700221,5.4
RA_4963,RA-322,Jose Parker,Avionics Operations,RA_59035,RA_22822,MEV700222,FlightNav Pro,RA_64715,Fuel Monitoring Anomaly,RA_25153,7/29/2026,6/9/2026,MEV700222,Rensselaer A220,Rensselaer A900,Rensselaer A900,Rensselaer A220,RA_84817,,,RA_19909,,MEV700222,7
RA_57023,RA-323,Lucía Mehta,Aircraft Reliability Team,RA_56373,RA_37979,MEV700223,AeroTrack Vision,RA_60026,Landing Gear Wear,RA_50372,11/12/2026,6/9/2026,MEV700223,Rensselaer A900,Rensselaer Regional 75,Rensselaer A330,Rensselaer Regional 75,RA_73383,,,RA_14030,,MEV700223,9.6
RA_33869,RA-324,Marieke Liu,Fleet Engineering East,RA_1563,RA_79164,MEV700224,SkyLogic Suite,RA_76339,Weather Radar Intermittent Signal,RA_6038,11/19/2026,6/9/2026,MEV700224,Rensselaer CargoMax,Rensselaer A220,Rensselaer A330,Rensselaer A330,RA_31642,,,RA_284,,MEV700224,3.6
RA_20334,RA-325,Chen Chopra,Fleet Engineering East,RA_31852,RA_10716,MEV700225,AeroControl X,RA_86249,Communication Bus Fault,RA_798,11/26/2026,6/9/2026,MEV700225,Rensselaer Regional 75,Rensselaer A220,Rensselaer A900,Rensselaer A330,RA_23470,,,RA_55837,,MEV700225,9.3
RA_36890,RA-326,Miguel Kok,Avionics Operations,,RA_11423,MEV700226,SkyLogic Suite,RA_67120,Weather Radar Intermittent Signal,RA_69523,7/29/2026,6/12/2026,MEV700226,Rensselaer CargoMax,Rensselaer A330,Rensselaer A330,Rensselaer A900,RA_86199,,,RA_27634,,MEV700226,1.2
RA_53743,RA-327,Maria Aquino,Technical Operations Center,,RA_35237,MEV700227,SkyLogic Suite,RA_56241,Weather Radar Intermittent Signal,RA_37137,11/8/2026,6/12/2026,MEV700227,Rensselaer A900,Rensselaer Regional 75,Rensselaer Regional 75,Rensselaer A330,RA_56515,,,RA_89653,,MEV700227,6
RA_45945,RA-328,Marieke Kapoor,Technical Operations Center,,RA_79350,MEV700228,SkyLogic Suite,RA_44180,Navigation Calibration Required,RA_14363,11/15/2026,6/12/2026,MEV700228,Rensselaer A220,Rensselaer Regional 75,Rensselaer CargoMax,Rensselaer A900,RA_38890,,,RA_54813,,MEV700228,6.7
RA_64572,RA-329,Lotte Ma,Avionics Operations,,RA_74042,MEV700229,FleetPilot Central,RA_82442,Weather Radar Intermittent Signal,RA_26578,11/25/2026,6/12/2026,MEV700229,Rensselaer A330,Rensselaer Regional 75,Rensselaer A330,Rensselaer A220,RA_9600,,,RA_95360,,MEV700229,2
RA_49990,RA-330,Pieter Aziz,Fleet Engineering West,,RA_23555,MEV700230,FlightNav Pro,RA_15432,Cabin Environmental Sensor Drift,RA_58819,7/29/2026,6/12/2026,MEV700230,Rensselaer Regional 75,Rensselaer Regional 75,Rensselaer Regional 75,Rensselaer A900,RA_12208,,,RA_3321,,MEV700230,2.3
RA_35204,RA-331,Rafael Nasser,Fleet Engineering East,,RA_33817,MEV700231,AeroControl X,RA_15178,Navigation Calibration Required,RA_48787,11/8/2026,6/12/2026,MEV700231,Rensselaer CargoMax,Rensselaer A330,Rensselaer CargoMax,Rensselaer A900,RA_76519,,,RA_73384,,MEV700231,4.8
RA_9714,RA-332,Ling Gupta,Fleet Engineering West,,RA_36108,MEV700232,AeroControl X,RA_50082,Weather Radar Intermittent Signal,RA_77952,11/15/2026,6/12/2026,MEV700232,Rensselaer A220,Rensselaer A900,Rensselaer A900,Rensselaer A220,RA_32802,,,RA_14784,,MEV700232,9.7
RA_3841,RA-333,Elena Davis,Flight Systems Engineering,,RA_42831,MEV700233,AeroControl X,RA_59148,Navigation Calibration Required,RA_83173,11/22/2026,6/12/2026,MEV700233,Rensselaer A220,Rensselaer CargoMax,Rensselaer A900,Rensselaer A900,RA_83409,,RA_26873,RA_27209,,MEV700233,6.4
RA_44496,RA-334,Vikram Visser,Fleet Engineering East,,RA_16789,MEV700234,Altitude Manager,RA_94166,Cabin Environmental Sensor Drift,RA_43343,11/25/2026,6/12/2026,MEV700234,Rensselaer A330,Rensselaer A330,Rensselaer Regional 75,Rensselaer A330,RA_69223,,,RA_46140,,MEV700234,9.4
RA_68692,RA-335,Femke de Boer,Fleet Engineering East,RA_65709,RA_9695,MEV700235,AeroTrack Vision,RA_35590,Cabin Environmental Sensor Drift,RA_7855,7/29/2026,6/12/2026,MEV700235,Rensselaer A900,Rensselaer A900,Rensselaer Regional 75,Rensselaer A220,RA_50511,,,RA_40550,,MEV700235,8.2
RA_47802,RA-336,Miguel Kapoor,Maintenance Excellence Group,RA_90301,RA_45512,MEV700236,AeroControl X,RA_26389,Fuel Monitoring Anomaly,RA_60197,11/8/2026,6/12/2026,MEV700236,Rensselaer A330,Rensselaer A900,Rensselaer Regional 75,Rensselaer Regional 75,RA_80667,,,RA_36914,,MEV700236,5.2
RA_49188,RA-337,Pieter Hernández,Aircraft Reliability Team,RA_34041,RA_28990,MEV700237,AeroTrack Vision,RA_65097,Navigation Calibration Required,RA_60402,11/15/2026,6/12/2026,MEV700237,Rensselaer A330,Rensselaer A900,Rensselaer A330,Rensselaer A900,RA_7950,,,RA_43087,,MEV700237,8.1
RA_53575,RA-338,Pavel de Vries,Technical Operations Center,RA_9192,RA_5678,MEV700238,AeroControl X,RA_28962,Communication Bus Fault,RA_93839,11/25/2026,6/12/2026,MEV700238,Rensselaer A900,Rensselaer Regional 75,Rensselaer A900,Rensselaer A330,RA_41944,,,RA_5259,,MEV700238,1.2
RA_34996,RA-339,Mikhail Aquino,Fleet Engineering East,RA_4437,RA_69061,MEV700239,FlightNav Pro,RA_36476,Hydraulic Pressure Deviation,RA_64831,7/29/2026,6/12/2026,MEV700239,Rensselaer A900,Rensselaer A330,Rensselaer A330,Rensselaer Regional 75,RA_47556,,,RA_47492,,MEV700239,2
RA_22422,RA-340,Boris Abboud,Technical Operations Center,RA_87428,RA_99837,MEV700240,Altitude Manager,RA_40699,Landing Gear Wear,RA_67323,11/8/2026,6/12/2026,MEV700240,Rensselaer A900,Rensselaer A900,Rensselaer A330,Rensselaer A220,RA_55068,,,RA_16693,,MEV700240,8.5
RA_81957,RA-341,Tao Gupta,Flight Systems Engineering,RA_218,RA_8762,MEV700241,Altitude Manager,RA_43755,Communication Bus Fault,RA_36551,11/15/2026,6/12/2026,MEV700241,Rensselaer A220,Rensselaer CargoMax,Rensselaer CargoMax,Rensselaer A220,RA_35786,,,RA_62142,,MEV700241,8.2
RA_75535,RA-342,Raj Ma,Technical Operations Center,RA_67831,RA_26832,MEV700242,SkyLogic Suite,RA_58073,Communication Bus Fault,RA_46724,11/25/2026,6/12/2026,MEV700242,Rensselaer A220,Rensselaer CargoMax,Rensselaer Regional 75,Rensselaer A220,RA_39382,,,RA_92038,,MEV700242,3.1
RA_98629,RA-343,Amit Vargas,Fleet Engineering West,RA_62745,RA_42639,MEV700243,FleetPilot Central,RA_55113,Communication Bus Fault,RA_97477,11/8/2026,6/12/2026,MEV700243,Rensselaer Regional 75,Rensselaer A220,Rensselaer A330,Rensselaer A330,RA_27345,,,RA_40991,,MEV700243,5.8
RA_43152,RA-344,Boris Chopra,Fleet Engineering West,RA_79843,RA_36867,MEV700244,Altitude Manager,RA_86378,Weather Radar Intermittent Signal,RA_46591,11/15/2026,6/12/2026,MEV700244,Rensselaer Regional 75,Rensselaer A900,Rensselaer CargoMax,Rensselaer Regional 75,RA_2003,,,RA_80748,,MEV700244,6.5
RA_15458,RA-345,Ling Sokolov,Maintenance Excellence Group,RA_45198,RA_44337,MEV700245,Altitude Manager,RA_59129,Landing Gear Wear,RA_70016,11/25/2026,6/12/2026,MEV700245,Rensselaer A330,Rensselaer A330,Rensselaer A220,Rensselaer A220,RA_72217,,,RA_68460,,MEV700245,8.8
RA_65896,RA-346,Zain Karim,Aircraft Reliability Team,RA_99887,RA_78527,MEV700246,FlightNav Pro,RA_43356,Communication Bus Fault,RA_88962,7/29/2026,6/12/2026,MEV700246,Rensselaer A330,Rensselaer Regional 75,Rensselaer CargoMax,Rensselaer A330,RA_59323,,,RA_48067,,MEV700246,6.4
RA_70450,RA-347,Angelica Johnson,Flight Systems Engineering,RA_32151,RA_66643,MEV700247,AeroControl X,RA_34719,Cabin Environmental Sensor Drift,RA_92760,11/8/2026,6/12/2026,MEV700247,Rensselaer Regional 75,Rensselaer A220,Rensselaer A220,Rensselaer CargoMax,RA_45490,,,RA_72649,,MEV700247,4.7
RA_36400,RA-348,Angelica Popov,Fleet Engineering West,RA_6529,RA_60127,MEV700248,RunwayLink,RA_90362,Landing Gear Wear,RA_60886,11/15/2026,6/12/2026,MEV700248,Rensselaer CargoMax,Rensselaer A900,Rensselaer A220,Rensselaer A330,RA_674,,,RA_74713,,MEV700248,4.4
RA_60964,RA-349,Rohan de Vries,Avionics Operations,RA_67637,RA_59287,MEV700249,Altitude Manager,RA_10730,Communication Bus Fault,RA_40047,11/25/2026,6/12/2026,MEV700249,Rensselaer A330,Rensselaer Regional 75,Rensselaer A220,Rensselaer CargoMax,RA_85563,,,RA_73544,,MEV700249,4.8
RA_19125,RA-350,Tessa Sharma,Flight Systems Engineering,,RA_23658,MEV700250,Altitude Manager,RA_62927,Hydraulic Pressure Deviation,RA_50603,7/29/2026,6/12/2026,MEV700250,Rensselaer CargoMax,Rensselaer A330,Rensselaer A220,Rensselaer Regional 75,RA_82148,,,RA_670,,MEV700250,6.9
RA_21650,RA-351,Liza Yang,Technical Operations Center,,RA_68165,MEV700251,RunwayLink,RA_20547,Landing Gear Wear,RA_40086,11/8/2026,6/12/2026,MEV700251,Rensselaer CargoMax,Rensselaer A330,Rensselaer Regional 75,Rensselaer A220,RA_25637,,,RA_21772,,MEV700251,8.8
RA_8957,RA-352,Nisha Sokolov,Flight Systems Engineering,,RA_4492,MEV700252,FleetPilot Central,RA_70360,Fuel Monitoring Anomaly,RA_22298,11/15/2026,6/12/2026,MEV700252,Rensselaer A900,Rensselaer A220,Rensselaer A330,Rensselaer A220,RA_51942,,,RA_42875,,MEV700252,5.1
RA_38766,RA-353,Pilar Sokolov,Aircraft Reliability Team,,RA_108,MEV700253,AeroTrack Vision,RA_46297,Landing Gear Wear,RA_27634,11/25/2026,6/12/2026,MEV700253,Rensselaer A220,Rensselaer A220,Rensselaer A330,Rensselaer A900,RA_77812,,,RA_73990,,MEV700253,3.2
RA_27601,RA-354,Khalid Dela Cruz,Fleet Engineering West,RA_21007,RA_8263,MEV700254,FlightNav Pro,RA_94479,Communication Bus Fault,RA_54248,11/8/2026,6/12/2026,MEV700254,Rensselaer Regional 75,Rensselaer A900,Rensselaer A220,Rensselaer A220,RA_30022,,,RA_26987,,MEV700254,3.1
RA_44733,RA-355,Ashley Hernández,Flight Systems Engineering,RA_37367,RA_74404,MEV700255,RunwayLink,RA_20316,Cabin Environmental Sensor Drift,RA_8320,11/15/2026,6/12/2026,MEV700255,Rensselaer A220,Rensselaer Regional 75,Rensselaer A330,Rensselaer Regional 75,RA_84285,,,RA_94843,,MEV700255,7.7
RA_39447,RA-356,Lian Rodríguez,Technical Operations Center,RA_65858,RA_28187,MEV700256,RunwayLink,RA_76488,Cabin Environmental Sensor Drift,RA_72621,11/25/2026,6/12/2026,MEV700256,Rensselaer Regional 75,Rensselaer CargoMax,Rensselaer A220,Rensselaer A330,RA_73711,,,RA_48513,,MEV700256,8.3
RA_78270,RA-357,Femke Romanov,Maintenance Excellence Group,RA_24185,RA_19002,MEV700257,FleetPilot Central,RA_65431,Fuel Monitoring Anomaly,RA_93235,11/8/2026,6/12/2026,MEV700257,Rensselaer A220,Rensselaer Regional 75,Rensselaer A330,Rensselaer Regional 75,RA_30254,,,RA_41554,,MEV700257,1.9
RA_59894,RA-358,Maria Murphy,Maintenance Excellence Group,RA_7130,RA_85340,MEV700258,Altitude Manager,RA_93341,Weather Radar Intermittent Signal,RA_76199,11/15/2026,6/12/2026,MEV700258,Rensselaer Regional 75,Rensselaer A330,Rensselaer CargoMax,Rensselaer A220,RA_22841,,,RA_33752,,MEV700258,1.6
RA_26147,RA-359,Wei Orlov,Fleet Engineering West,RA_36199,RA_40491,MEV700259,Altitude Manager,RA_91758,Communication Bus Fault,RA_83359,11/25/2026,6/12/2026,MEV700259,Rensselaer A220,Rensselaer A330,Rensselaer Regional 75,Rensselaer A330,RA_50022,,,RA_97488,,MEV700259,6.3
RA_38674,RA-360,Molly Castillo,Maintenance Excellence Group,,RA_17915,MEV700260,FlightNav Pro,RA_1910,Navigation Calibration Required,RA_61498,7/29/2026,6/12/2026,MEV700260,Rensselaer A900,Rensselaer A900,Rensselaer A900,Rensselaer Regional 75,RA_72309,,,RA_12285,,MEV700260,2.3
RA_97656,RA-361,Zain Aziz,Avionics Operations,,RA_94139,MEV700261,SkyLogic Suite,RA_37358,Weather Radar Intermittent Signal,RA_63063,11/8/2026,6/12/2026,MEV700261,Rensselaer CargoMax,Rensselaer CargoMax,Rensselaer A220,Rensselaer A220,RA_23402,,,RA_15431,,MEV700261,8.4
RA_96417,RA-362,Bram Haddad,Aircraft Reliability Team,,RA_56892,MEV700262,SkyLogic Suite,RA_46803,Cabin Environmental Sensor Drift,RA_99768,11/15/2026,6/12/2026,MEV700262,Rensselaer Regional 75,Rensselaer A900,Rensselaer CargoMax,Rensselaer A220,RA_93563,,,RA_73355,,MEV700262,3.8
RA_58048,RA-363,Jun Sánchez,Maintenance Excellence Group,,RA_86205,MEV700263,RunwayLink,RA_63527,Weather Radar Intermittent Signal,RA_48489,11/25/2026,6/12/2026,MEV700263,Rensselaer CargoMax,Rensselaer A330,Rensselaer CargoMax,Rensselaer A220,RA_69093,,,RA_13759,,MEV700263,2.3
RA_51534,RA-364,Miguel Volkov,Maintenance Excellence Group,,RA_22437,MEV700264,Altitude Manager,RA_13203,Landing Gear Wear,RA_69409,7/29/2026,6/12/2026,MEV700264,Rensselaer Regional 75,Rensselaer A330,Rensselaer Regional 75,Rensselaer A900,RA_58635,,,RA_83124,,MEV700264,9.3
RA_44272,RA-365,Angelica Davis,Avionics Operations,,RA_45799,MEV700265,RunwayLink,RA_42647,Landing Gear Wear,RA_65097,11/8/2026,6/12/2026,MEV700265,Rensselaer Regional 75,Rensselaer Regional 75,Rensselaer Regional 75,Rensselaer A900,RA_36399,,,RA_35380,,MEV700265,2.5
RA_94764,RA-366,Svetlana Rodríguez,Aircraft Reliability Team,,RA_62270,MEV700266,RunwayLink,RA_71692,Cabin Environmental Sensor Drift,RA_6199,11/15/2026,6/12/2026,MEV700266,Rensselaer A900,Rensselaer CargoMax,Rensselaer A220,Rensselaer A900,RA_70128,,,RA_84400,,MEV700266,3.6
RA_39659,RA-367,Arjun Reyes,Flight Systems Engineering,,RA_40843,MEV700267,Altitude Manager,RA_89665,Communication Bus Fault,RA_21663,11/25/2026,6/12/2026,MEV700267,Rensselaer A220,Rensselaer Regional 75,Rensselaer A220,Rensselaer A330,RA_76405,,,RA_17117,,MEV700267,2.4
RA_47974,RA-368,Zain Garcia,Aircraft Reliability Team,RA_54529,RA_95707,MEV700268,FleetPilot Central,RA_70069,Cabin Environmental Sensor Drift,RA_76368,7/29/2026,6/12/2026,MEV700268,Rensselaer Regional 75,Rensselaer Regional 75,Rensselaer CargoMax,Rensselaer Regional 75,RA_6058,,,RA_26545,,MEV700268,2
RA_42390,RA-369,Javier Martínez,Fleet Engineering East,RA_80609,RA_89332,MEV700269,AeroTrack Vision,RA_32276,Weather Radar Intermittent Signal,RA_80622,11/8/2026,6/12/2026,MEV700269,Rensselaer A220,Rensselaer A900,Rensselaer CargoMax,Rensselaer A330,RA_95690,,,RA_39275,,MEV700269,1.2
RA_6430,RA-370,Yue van Dijk,Fleet Engineering West,RA_61331,RA_14193,MEV700270,AeroTrack Vision,RA_15694,Weather Radar Intermittent Signal,RA_97561,11/15/2026,6/12/2026,MEV700270,Rensselaer A900,Rensselaer Regional 75,Rensselaer Regional 75,Rensselaer A330,RA_1437,,,RA_78048,,MEV700270,1.5
RA_83942,RA-371,Teresa Zhao,Fleet Engineering West,RA_56478,RA_8732,MEV700271,FleetPilot Central,RA_45895,Landing Gear Wear,RA_87177,11/25/2026,6/12/2026,MEV700271,Rensselaer A330,Rensselaer A220,Rensselaer A220,Rensselaer A220,RA_83837,,,RA_15596,,MEV700271,2.6
RA_13558,RA-372,Angelica Meijer,Fleet Engineering East,RA_81360,RA_40728,MEV700272,RunwayLink,RA_49966,Communication Bus Fault,RA_85370,7/29/2026,6/12/2026,MEV700272,Rensselaer CargoMax,Rensselaer A220,Rensselaer A220,Rensselaer CargoMax,RA_94521,,,RA_73318,,MEV700272,1.5
RA_43791,RA-373,Daan Taylor,Avionics Operations,RA_19408,RA_6290,MEV700273,FleetPilot Central,RA_91588,Navigation Calibration Required,RA_88194,11/8/2026,6/12/2026,MEV700273,Rensselaer Regional 75,Rensselaer Regional 75,Rensselaer CargoMax,Rensselaer CargoMax,RA_40427,,,RA_13835,,MEV700273,6.3
RA_30517,RA-374,Natalia Singh,Fleet Engineering East,RA_36887,RA_41619,MEV700274,AeroControl X,RA_78934,Fuel Monitoring Anomaly,RA_61785,11/15/2026,6/12/2026,MEV700274,Rensselaer A900,Rensselaer CargoMax,Rensselaer A900,Rensselaer A220,RA_72366,,,RA_43225,,MEV700274,7.1
RA_90887,RA-375,Layla Haddad,Flight Systems Engineering,RA_38164,RA_78340,MEV700275,Altitude Manager,RA_13316,Navigation Calibration Required,RA_8248,11/25/2026,6/12/2026,MEV700275,Rensselaer A220,Rensselaer Regional 75,Rensselaer CargoMax,Rensselaer CargoMax,RA_67940,,,RA_29030,,MEV700275,4.5
RA_55411,RA-376,Nisha Haddad,Flight Systems Engineering,RA_34188,RA_41390,MEV700276,AeroControl X,RA_75176,Cabin Environmental Sensor Drift,RA_22955,7/29/2026,6/12/2026,MEV700276,Rensselaer Regional 75,Rensselaer A330,Rensselaer A900,Rensselaer A330,RA_45627,,,RA_27963,,MEV700276,3.9
RA_71561,RA-377,Nadia Romanov,Fleet Engineering West,RA_75002,RA_32337,MEV700277,SkyLogic Suite,RA_2075,Weather Radar Intermittent Signal,RA_68253,11/8/2026,6/12/2026,MEV700277,Rensselaer A220,Rensselaer A330,Rensselaer A220,Rensselaer Regional 75,RA_74746,,,RA_30338,,MEV700277,5.5
RA_22345,RA-378,Carmen Davis,Flight Systems Engineering,RA_6186,RA_5849,MEV700278,Altitude Manager,RA_5832,Navigation Calibration Required,RA_17328,11/15/2026,6/12/2026,MEV700278,Rensselaer A330,Rensselaer CargoMax,Rensselaer CargoMax,Rensselaer A900,RA_32143,,,RA_61878,,MEV700278,8.9
RA_44731,RA-379,Carmen Al-Fayed,Fleet Engineering West,RA_45176,RA_77759,MEV700279,Altitude Manager,RA_63940,Communication Bus Fault,RA_85995,11/25/2026,6/12/2026,MEV700279,Rensselaer Regional 75,Rensselaer A900,Rensselaer Regional 75,Rensselaer A330,RA_90815,,,RA_88705,,MEV700279,8.7
RA_33349,RA-380,Natalia Huang,Fleet Engineering East,,RA_2371,MEV700280,FlightNav Pro,RA_78602,Communication Bus Fault,RA_67514,7/29/2026,6/12/2026,MEV700280,Rensselaer CargoMax,Rensselaer A220,Rensselaer A330,Rensselaer A330,RA_6971,,,RA_38199,,MEV700280,1.4
RA_35000,RA-381,Femke van Dijk,Fleet Engineering East,,RA_76377,MEV700281,Altitude Manager,RA_57807,Weather Radar Intermittent Signal,RA_10606,11/8/2026,6/12/2026,MEV700281,Rensselaer Regional 75,Rensselaer A220,Rensselaer A220,Rensselaer Regional 75,RA_52622,,,RA_23975,,MEV700281,2.6
RA_4988,RA-382,Jackson Smirnov,Maintenance Excellence Group,,RA_47108,MEV700282,SkyLogic Suite,RA_78774,Hydraulic Pressure Deviation,RA_78836,11/15/2026,6/12/2026,MEV700282,Rensselaer CargoMax,Rensselaer A900,Rensselaer A220,Rensselaer CargoMax,RA_367,,,RA_41163,,MEV700282,3.1
RA_91030,RA-383,Alejandro Yang,Maintenance Excellence Group,,RA_59506,MEV700283,AeroTrack Vision,RA_14817,Landing Gear Wear,RA_51896,11/25/2026,6/12/2026,MEV700283,Rensselaer A220,Rensselaer Regional 75,Rensselaer CargoMax,Rensselaer Regional 75,RA_23655,,,RA_44737,,MEV700283,3.2
RA_34675,RA-384,Mei Darwish,Fleet Engineering East,,RA_77338,MEV700284,AeroTrack Vision,RA_76896,Fuel Monitoring Anomaly,RA_86488,7/29/2026,6/12/2026,MEV700284,Rensselaer Regional 75,Rensselaer CargoMax,Rensselaer A330,Rensselaer A330,RA_62087,,,RA_10591,,MEV700284,6.1
RA_79147,RA-385,Ivan Wang,Fleet Engineering West,,RA_10248,MEV700285,RunwayLink,RA_11664,Weather Radar Intermittent Signal,RA_59342,11/8/2026,6/12/2026,MEV700285,Rensselaer A900,Rensselaer Regional 75,Rensselaer A330,Rensselaer A220,RA_76454,,,RA_65431,,MEV700285,4.7
RA_19625,RA-386,Samir de Boer,Fleet Engineering East,,RA_55856,MEV700286,Altitude Manager,RA_54969,Fuel Monitoring Anomaly,RA_67950,11/15/2026,6/12/2026,MEV700286,Rensselaer A900,Rensselaer A900,Rensselaer A330,Rensselaer A220,RA_52477,,,RA_63865,,MEV700286,1.4
RA_63547,RA-387,Jeroen Johnson,Fleet Engineering East,,RA_31536,MEV700287,AeroTrack Vision,RA_45820,Communication Bus Fault,RA_77069,11/25/2026,6/12/2026,MEV700287,Rensselaer A330,Rensselaer CargoMax,Rensselaer CargoMax,Rensselaer A330,RA_14829,,,RA_67787,,MEV700287,4.4
RA_12386,RA-388,Yasmin Kapoor,Technical Operations Center,,RA_12940,MEV700288,AeroControl X,RA_44193,Weather Radar Intermittent Signal,RA_80354,7/29/2026,6/12/2026,MEV700288,Rensselaer A900,Rensselaer A220,Rensselaer CargoMax,Rensselaer A220,RA_55209,,,RA_91928,,MEV700288,5.7
RA_47503,RA-389,Lucía Huang,Avionics Operations,,RA_27068,MEV700289,RunwayLink,RA_53910,Weather Radar Intermittent Signal,RA_40898,11/8/2026,6/12/2026,MEV700289,Rensselaer A330,Rensselaer A220,Rensselaer A900,Rensselaer CargoMax,RA_93110,,,RA_88123,,MEV700289,1.9
RA_90085,RA-390,Sanne Miller,Fleet Engineering East,,RA_30606,MEV700290,Altitude Manager,RA_34780,Fuel Monitoring Anomaly,RA_95831,11/15/2026,6/12/2026,MEV700290,Rensselaer A220,Rensselaer Regional 75,Rensselaer A900,Rensselaer Regional 75,RA_2004,,,RA_10918,,MEV700290,8.5
RA_89592,RA-391,Sanne López,Flight Systems Engineering,,RA_18825,MEV700291,AeroControl X,RA_75814,Communication Bus Fault,RA_36952,11/22/2026,6/12/2026,MEV700291,Rensselaer CargoMax,Rensselaer A330,Rensselaer A900,Rensselaer A900,RA_99654,,RA_12941,RA_24017,,MEV700291,1.5
RA_71235,RA-392,Madison Kok,Fleet Engineering West,,RA_20396,MEV700292,FleetPilot Central,RA_64008,Communication Bus Fault,RA_42119,11/25/2026,6/12/2026,MEV700292,Rensselaer A220,Rensselaer A900,Rensselaer Regional 75,Rensselaer Regional 75,RA_60669,,,RA_54541,,MEV700292,9.3
RA_90102,RA-393,Nadia Orlov,Avionics Operations,RA_76659,RA_53360,MEV700293,FleetPilot Central,RA_49169,Fuel Monitoring Anomaly,RA_43929,7/29/2026,6/12/2026,MEV700293,Rensselaer CargoMax,Rensselaer A900,Rensselaer A220,Rensselaer A900,RA_69327,,,RA_97443,,MEV700293,1.9
RA_69299,RA-394,Bram Darwish,Maintenance Excellence Group,RA_30816,RA_56848,MEV700294,FlightNav Pro,RA_53201,Navigation Calibration Required,RA_29694,11/8/2026,6/12/2026,MEV700294,Rensselaer CargoMax,Rensselaer Regional 75,Rensselaer A900,Rensselaer A330,RA_12238,,,RA_43189,,MEV700294,8.6
RA_72881,RA-395,Svetlana Ramos,Aircraft Reliability Team,RA_30228,RA_95660,MEV700295,Altitude Manager,RA_54096,Weather Radar Intermittent Signal,RA_27114,11/15/2026,6/12/2026,MEV700295,Rensselaer A330,Rensselaer A900,Rensselaer Regional 75,Rensselaer A330,RA_5117,,,RA_53844,,MEV700295,9.1
RA_65770,RA-396,Ming Castillo,Fleet Engineering West,RA_78338,RA_47796,MEV700296,FleetPilot Central,RA_45143,Hydraulic Pressure Deviation,RA_16889,11/25/2026,6/12/2026,MEV700296,Rensselaer A900,Rensselaer A220,Rensselaer Regional 75,Rensselaer A900,RA_61314,,,RA_66391,,MEV700296,9.8
RA_82957,RA-397,Diego Villanueva,Flight Systems Engineering,RA_94759,RA_34821,MEV700297,FleetPilot Central,RA_58983,Navigation Calibration Required,RA_95684,7/29/2026,6/12/2026,MEV700297,Rensselaer A900,Rensselaer Regional 75,Rensselaer CargoMax,Rensselaer A220,RA_40457,,,RA_5919,,MEV700297,8.2
RA_96222,RA-398,Cooper Reyes,Fleet Engineering West,RA_91885,RA_93181,MEV700298,AeroTrack Vision,RA_79590,Cabin Environmental Sensor Drift,RA_97614,11/8/2026,6/12/2026,MEV700298,Rensselaer A330,Rensselaer A220,Rensselaer A330,Rensselaer A330,RA_99904,,,RA_47135,,MEV700298,8
RA_75358,RA-399,Femke Gupta,Maintenance Excellence Group,RA_80801,RA_72700,MEV700299,FlightNav Pro,RA_47880,Cabin Environmental Sensor Drift,RA_15545,11/15/2026,6/12/2026,MEV700299,Rensselaer A330,Rensselaer CargoMax,Rensselaer A330,Rensselaer CargoMax,RA_31139,,,RA_914,,MEV700299,6.8
RA_18846,RA-400,Dmitri Wang,Flight Systems Engineering,RA_35103,RA_19629,MEV700300,FlightNav Pro,RA_82634,Landing Gear Wear,RA_37428,11/25/2026,6/12/2026,MEV700300,Rensselaer A220,Rensselaer CargoMax,Rensselaer A900,Rensselaer CargoMax,RA_63630,,,RA_43987,,MEV700300,8
RA_27542,RA-401,Teresa Lebedev,Flight Systems Engineering,RA_44399,RA_16915,MEV700301,AeroTrack Vision,RA_77216,Communication Bus Fault,RA_47251,8/2/2026,6/12/2026,MEV700301,Rensselaer A330,Rensselaer A330,Rensselaer A220,Rensselaer CargoMax,RA_48401,,,RA_740,,MEV700301,2.2
RA_1775,RA-402,Arjun Iyer,Aircraft Reliability Team,RA_46736,RA_59901,MEV700302,Altitude Manager,RA_25973,Hydraulic Pressure Deviation,RA_41260,11/8/2026,6/12/2026,MEV700302,Rensselaer A900,Rensselaer A900,Rensselaer A220,Rensselaer CargoMax,RA_42252,,,RA_44649,,MEV700302,5.8
RA_3617,RA-403,Ivan Chopra,Fleet Engineering West,RA_9884,RA_54961,MEV700303,AeroControl X,RA_10551,Communication Bus Fault,RA_67728,11/15/2026,6/12/2026,MEV700303,Rensselaer A330,Rensselaer CargoMax,Rensselaer A220,Rensselaer A900,RA_47464,,,RA_48390,,MEV700303,5.6
RA_79893,RA-404,Emily Villanueva,Technical Operations Center,RA_77632,RA_89102,MEV700304,RunwayLink,RA_40413,Communication Bus Fault,RA_26935,11/25/2026,6/12/2026,MEV700304,Rensselaer A330,Rensselaer A900,Rensselaer Regional 75,Rensselaer A220,RA_74715,,,RA_69177,,MEV700304,8.7
RA_68284,RA-405,Marieke Popov,Aircraft Reliability Team,RA_9326,RA_24214,MEV700305,Altitude Manager,RA_54980,Weather Radar Intermittent Signal,RA_21547,7/29/2026,6/12/2026,MEV700305,Rensselaer CargoMax,Rensselaer A220,Rensselaer Regional 75,Rensselaer A900,RA_62648,,,RA_63964,,MEV700305,5.2
RA_64671,RA-406,Lars Aziz,Technical Operations Center,RA_13260,RA_93283,MEV700306,AeroControl X,RA_52548,Hydraulic Pressure Deviation,RA_59308,11/8/2026,6/12/2026,MEV700306,Rensselaer A330,Rensselaer Regional 75,Rensselaer Regional 75,Rensselaer A330,RA_28924,,,RA_22411,,MEV700306,4.5
RA_15085,RA-407,Kavya Mulder,Aircraft Reliability Team,RA_13962,RA_60441,MEV700307,FlightNav Pro,RA_76818,Cabin Environmental Sensor Drift,RA_84357,11/15/2026,6/12/2026,MEV700307,Rensselaer A220,Rensselaer CargoMax,Rensselaer CargoMax,Rensselaer CargoMax,RA_9883,,,RA_3355,,MEV700307,6.8
RA_28424,RA-408,Liza Huang,Fleet Engineering West,RA_31752,RA_16068,MEV700308,SkyLogic Suite,RA_68778,Weather Radar Intermittent Signal,RA_13948,11/25/2026,6/12/2026,MEV700308,Rensselaer A330,Rensselaer Regional 75,Rensselaer Regional 75,Rensselaer CargoMax,RA_24864,,,RA_35716,,MEV700308,3.4
RA_28353,RA-409,Noor Parker,Fleet Engineering East,RA_85369,RA_80491,MEV700309,Altitude Manager,RA_6203,Hydraulic Pressure Deviation,RA_90131,7/29/2026,6/12/2026,MEV700309,Rensselaer Regional 75,Rensselaer CargoMax,Rensselaer A220,Rensselaer CargoMax,RA_23211,,,RA_64965,,MEV700309,2.3
RA_78914,RA-410,Cooper Hernández,Fleet Engineering East,RA_73159,RA_23464,MEV700310,SkyLogic Suite,RA_82180,Fuel Monitoring Anomaly,RA_1714,7/29/2026,6/12/2026,MEV700310,Rensselaer Regional 75,Rensselaer A900,Rensselaer A220,Rensselaer A330,RA_65739,,,RA_49551,,MEV700310,5.3
RA_98016,RA-411,Pieter Patel,Maintenance Excellence Group,RA_9755,RA_89972,MEV700311,AeroControl X,RA_76850,Navigation Calibration Required,RA_37145,11/8/2026,6/12/2026,MEV700311,Rensselaer CargoMax,Rensselaer CargoMax,Rensselaer A330,Rensselaer Regional 75,RA_60005,,,RA_79483,,MEV700311,4.8
RA_36291,RA-412,Nadia Ortega,Aircraft Reliability Team,RA_12222,RA_52556,MEV700312,Altitude Manager,RA_69678,Weather Radar Intermittent Signal,RA_53033,11/15/2026,6/12/2026,MEV700312,Rensselaer CargoMax,Rensselaer CargoMax,Rensselaer A220,Rensselaer A900,RA_44738,,,RA_68960,,MEV700312,3.1
RA_25497,RA-413,Sergei Sánchez,Avionics Operations,RA_73139,RA_36525,MEV700313,SkyLogic Suite,RA_13576,Communication Bus Fault,RA_11578,11/25/2026,6/12/2026,MEV700313,Rensselaer Regional 75,Rensselaer A220,Rensselaer Regional 75,Rensselaer A220,RA_69221,,,RA_2117,,MEV700313,4.3
RA_79851,RA-414,Marieke Ramírez,Aircraft Reliability Team,RA_98167,RA_51925,MEV700314,SkyLogic Suite,RA_88450,Fuel Monitoring Anomaly,RA_98683,7/29/2026,6/12/2026,MEV700314,Rensselaer CargoMax,Rensselaer A330,Rensselaer Regional 75,Rensselaer A330,RA_84482,,,RA_71675,,MEV700314,4.3
RA_19781,RA-415,Rico Morales,Aircraft Reliability Team,RA_4640,RA_88064,MEV700315,RunwayLink,RA_92333,Navigation Calibration Required,RA_34424,11/8/2026,6/12/2026,MEV700315,Rensselaer CargoMax,Rensselaer A220,Rensselaer A900,Rensselaer Regional 75,RA_19908,,,RA_82058,,MEV700315,3.9
RA_78545,RA-416,Teresa Anderson,Aircraft Reliability Team,RA_28617,RA_19143,MEV700316,Altitude Manager,RA_31440,Hydraulic Pressure Deviation,RA_76375,11/15/2026,6/12/2026,MEV700316,Rensselaer A900,Rensselaer Regional 75,Rensselaer CargoMax,Rensselaer Regional 75,RA_12794,,,RA_56177,,MEV700316,4.4
RA_41692,RA-417,Jackson Moore,Technical Operations Center,RA_96503,RA_80072,MEV700317,SkyLogic Suite,RA_86106,Weather Radar Intermittent Signal,RA_94379,11/25/2026,6/12/2026,MEV700317,Rensselaer A900,Rensselaer A900,Rensselaer A220,Rensselaer A220,RA_8606,,,RA_26459,,MEV700317,7.2
RA_46226,RA-418,Logan de Vries,Maintenance Excellence Group,,RA_78527,MEV700318,RunwayLink,RA_79933,Communication Bus Fault,RA_55298,7/29/2026,6/12/2026,MEV700318,Rensselaer A330,Rensselaer A900,Rensselaer CargoMax,Rensselaer A330,RA_73297,,,RA_34865,,MEV700318,3.7
RA_26123,RA-419,Ming Gupta,Fleet Engineering East,,RA_64388,MEV700319,RunwayLink,RA_71813,Landing Gear Wear,RA_80489,11/8/2026,6/12/2026,MEV700319,Rensselaer Regional 75,Rensselaer CargoMax,Rensselaer A220,Rensselaer Regional 75,RA_86529,,,RA_24783,,MEV700319,9.5
RA_239,RA-420,Rami Villanueva,Maintenance Excellence Group,,RA_77999,MEV700320,Altitude Manager,RA_6802,Landing Gear Wear,RA_48773,11/15/2026,6/12/2026,MEV700320,Rensselaer A220,Rensselaer A900,Rensselaer A330,Rensselaer CargoMax,RA_52481,,,RA_60638,,MEV700320,9.2
RA_6785,RA-421,Jackson Rahman,Maintenance Excellence Group,,RA_39245,MEV700321,SkyLogic Suite,RA_11751,Cabin Environmental Sensor Drift,RA_23618,11/25/2026,6/12/2026,MEV700321,Rensselaer Regional 75,Rensselaer A330,Rensselaer A330,Rensselaer A220,RA_97543,,,RA_1229,,MEV700321,5.3
RA_13826,RA-422,Teresa Santos,Maintenance Excellence Group,,RA_99394,MEV700322,RunwayLink,RA_89449,Fuel Monitoring Anomaly,RA_2595,7/29/2026,6/12/2026,MEV700322,Rensselaer Regional 75,Rensselaer A330,Rensselaer CargoMax,Rensselaer CargoMax,RA_57627,,,RA_41971,,MEV700322,4
RA_91971,RA-423,Mei Ramos,Fleet Engineering East,,RA_34876,MEV700323,FlightNav Pro,RA_46259,Weather Radar Intermittent Signal,RA_92589,11/15/2026,6/12/2026,MEV700323,Rensselaer A900,Rensselaer CargoMax,Rensselaer Regional 75,Rensselaer A220,RA_83820,,,RA_50108,,MEV700323,5.8
RA_18030,RA-424,Priya Smit,Fleet Engineering East,,RA_10399,MEV700324,Altitude Manager,RA_33068,Fuel Monitoring Anomaly,RA_61421,11/25/2026,6/12/2026,MEV700324,Rensselaer A900,Rensselaer CargoMax,Rensselaer A900,Rensselaer A900,RA_90694,,,RA_55168,,MEV700324,8.6
RA_47223,RA-425,Cooper Smith,Aircraft Reliability Team,,RA_35547,MEV700325,FlightNav Pro,RA_77142,Hydraulic Pressure Deviation,RA_15165,7/29/2026,6/12/2026,MEV700325,Rensselaer CargoMax,Rensselaer Regional 75,Rensselaer A220,Rensselaer A900,RA_56823,,,RA_34297,,MEV700325,6.9
RA_16005,RA-426,Femke Pavlov,Maintenance Excellence Group,,RA_11433,MEV700326,AeroTrack Vision,RA_24404,Communication Bus Fault,RA_85714,11/8/2026,6/12/2026,MEV700326,Rensselaer A220,Rensselaer CargoMax,Rensselaer A220,Rensselaer A330,RA_16897,,,RA_83660,,MEV700326,8.2
RA_22019,RA-427,Jose Huang,Avionics Operations,,RA_97593,MEV700327,FleetPilot Central,RA_73577,Landing Gear Wear,RA_99173,11/15/2026,6/12/2026,MEV700327,Rensselaer A900,Rensselaer A220,Rensselaer A900,Rensselaer Regional 75,RA_40788,,,RA_74693,,MEV700327,5.8
RA_64965,RA-428,Isabella Martínez,Technical Operations Center,,RA_5118,MEV700328,FlightNav Pro,RA_64981,Communication Bus Fault,RA_42159,11/25/2026,6/12/2026,MEV700328,Rensselaer CargoMax,Rensselaer A220,Rensselaer CargoMax,Rensselaer CargoMax,RA_15526,,,RA_150,,MEV700328,6.7
RA_24970,RA-429,Ramon Morales,Technical Operations Center,,RA_95401,MEV700329,SkyLogic Suite,RA_94992,Fuel Monitoring Anomaly,RA_60266,7/29/2026,6/12/2026,MEV700329,Rensselaer A220,Rensselaer A220,Rensselaer CargoMax,Rensselaer Regional 75,RA_71064,,,RA_16057,,MEV700329,3.6
RA_49494,RA-430,Pavel Dela Cruz,Fleet Engineering East,RA_38310,RA_30350,MEV700330,AeroControl X,RA_54463,Communication Bus Fault,RA_31216,7/29/2026,6/5/2026,MEV700330,Rensselaer A900,Rensselaer A330,Rensselaer A220,Rensselaer A900,RA_73052,,,RA_3578,,MEV700330,7.6
RA_74967,RA-431,Ming Smith,Fleet Engineering West,RA_49793,RA_67401,MEV700331,AeroTrack Vision,RA_31445,Cabin Environmental Sensor Drift,RA_11232,11/8/2026,6/12/2026,MEV700331,Rensselaer Regional 75,Rensselaer A900,Rensselaer A330,Rensselaer CargoMax,RA_70662,,,RA_52926,,MEV700331,2.8
RA_98243,RA-432,Tessa Nasser,Fleet Engineering West,RA_39744,RA_26778,MEV700332,FlightNav Pro,RA_80848,Weather Radar Intermittent Signal,RA_87037,11/15/2026,6/12/2026,MEV700332,Rensselaer Regional 75,Rensselaer Regional 75,Rensselaer A900,Rensselaer A330,RA_63324,,,RA_56125,,MEV700332,7.3
RA_29543,RA-433,Tyler Vargas,Fleet Engineering West,RA_89804,RA_22723,MEV700333,RunwayLink,RA_88063,Landing Gear Wear,RA_46042,11/25/2026,6/12/2026,MEV700333,Rensselaer A220,Rensselaer CargoMax,Rensselaer A220,Rensselaer Regional 75,RA_9996,,,RA_7900,,MEV700333,8.7
RA_39899,RA-434,Raj Torres,Flight Systems Engineering,RA_5124,RA_60607,MEV700334,AeroTrack Vision,RA_87669,Fuel Monitoring Anomaly,RA_97904,7/29/2026,6/5/2026,MEV700334,Rensselaer A220,Rensselaer Regional 75,Rensselaer A330,Rensselaer A220,RA_21264,,,RA_5254,,MEV700334,2.2
RA_2037,RA-435,Bram Aziz,Aircraft Reliability Team,RA_78628,RA_38273,MEV700335,FlightNav Pro,RA_72637,Fuel Monitoring Anomaly,RA_23630,11/8/2026,6/12/2026,MEV700335,Rensselaer A900,Rensselaer A330,Rensselaer CargoMax,Rensselaer A220,RA_97631,,,RA_62971,,MEV700335,6.5
RA_32992,RA-436,Femke Meijer,Fleet Engineering West,RA_87269,RA_5215,MEV700336,RunwayLink,RA_22595,Communication Bus Fault,RA_67067,11/15/2026,6/12/2026,MEV700336,Rensselaer A900,Rensselaer CargoMax,Rensselaer A330,Rensselaer CargoMax,RA_9327,,,RA_11784,,MEV700336,1.9
RA_87569,RA-437,Fatima Smit,Aircraft Reliability Team,RA_81290,RA_23611,MEV700337,FlightNav Pro,RA_27393,Weather Radar Intermittent Signal,RA_67906,11/25/2026,6/12/2026,MEV700337,Rensselaer A220,Rensselaer CargoMax,Rensselaer Regional 75,Rensselaer A220,RA_63389,,,RA_46119,,MEV700337,7.5
RA_52006,RA-438,Lars Reyes,,,RA_65306,MEV700338,AeroControl X,RA_83725,Communication Bus Fault,RA_80251,11/3/2026,6/10/2026,MEV700338,Rensselaer A220,Rensselaer A330,Rensselaer A220,Rensselaer A220,RA_5250,,RA_30070,,,MEV700338,1.8
RA_31841,RA-439,Rafael Abboud,,,RA_28029,MEV700339,AeroControl X,RA_87549,Cabin Environmental Sensor Drift,RA_81081,9/15/2026,6/10/2026,MEV700339,Rensselaer CargoMax,Rensselaer A900,Rensselaer A900,Rensselaer A900,RA_35274,,RA_66823,,,MEV700339,9.4
RA_54390,RA-440,Daan Gupta,,,RA_79162,MEV700340,RunwayLink,RA_12631,Hydraulic Pressure Deviation,RA_9949,11/3/2026,6/10/2026,MEV700340,Rensselaer CargoMax,Rensselaer CargoMax,Rensselaer A330,Rensselaer A330,RA_89128,,RA_25153,,,MEV700340,2.2
RA_91471,RA-441,Daan Johnson,,,RA_97379,MEV700341,FlightNav Pro,RA_32951,Cabin Environmental Sensor Drift,RA_18846,9/15/2026,6/10/2026,MEV700341,Rensselaer CargoMax,Rensselaer A900,Rensselaer CargoMax,Rensselaer A220,RA_75262,,RA_96348,,,MEV700341,9.6
RA_39422,RA-442,Koen Zhang,,,RA_47551,MEV700342,FleetPilot Central,RA_86332,Hydraulic Pressure Deviation,RA_9341,1/31/2026,6/10/2026,MEV700342,Rensselaer Regional 75,Rensselaer A330,Rensselaer A330,Rensselaer A220,RA_26475,,RA_33480,,,MEV700342,8.2
RA_13432,RA-443,Yasmin Taylor,,,RA_30982,MEV700343,AeroControl X,RA_15817,Navigation Calibration Required,RA_48612,11/3/2026,6/10/2026,MEV700343,Rensselaer Regional 75,Rensselaer Regional 75,Rensselaer CargoMax,Rensselaer Regional 75,RA_20927,,RA_31580,,,MEV700343,6.3
RA_47627,RA-444,Isabella Zhang,,,RA_9636,MEV700344,AeroControl X,RA_84043,Fuel Monitoring Anomaly,RA_68451,9/15/2026,6/10/2026,MEV700344,Rensselaer CargoMax,Rensselaer CargoMax,Rensselaer Regional 75,Rensselaer CargoMax,RA_40863,,RA_88897,,,MEV700344,8
RA_86572,RA-445,Mikhail Sharma,,,RA_10316,MEV700345,AeroControl X,RA_56889,Fuel Monitoring Anomaly,RA_60588,5/20/2025,6/10/2026,MEV700345,Rensselaer CargoMax,Rensselaer A900,Rensselaer CargoMax,Rensselaer A900,RA_25573,,RA_22450,,,MEV700345,8.2
RA_78417,RA-446,Carmen Ivanov,,,RA_79454,MEV700346,Altitude Manager,RA_31625,Landing Gear Wear,RA_94311,5/14/2026,6/10/2026,MEV700346,Rensselaer A220,Rensselaer CargoMax,Rensselaer A900,Rensselaer CargoMax,RA_99277,,RA_65693,,,MEV700346,9.5
RA_34555,RA-447,Yasmin Ma,,,RA_73809,MEV700347,AeroTrack Vision,RA_47783,Navigation Calibration Required,RA_28083,2/26/2026,6/10/2026,MEV700347,Rensselaer Regional 75,Rensselaer A900,Rensselaer Regional 75,Rensselaer Regional 75,RA_47425,,RA_63267,,,MEV700347,3.3
RA_5507,RA-448,Tyler Smit,,,RA_51831,MEV700348,FlightNav Pro,RA_29708,Fuel Monitoring Anomaly,RA_77534,12/3/2026,6/10/2026,MEV700348,Rensselaer CargoMax,Rensselaer CargoMax,Rensselaer A330,Rensselaer Regional 75,RA_97408,,RA_81443,,,MEV700348,6.3
RA_52067,RA-449,Layla Castillo,,RA_46468,RA_24849,MEV700349,FleetPilot Central,RA_47608,Hydraulic Pressure Deviation,RA_28151,12/13/2026,6/16/2026,MEV700349,Rensselaer A330,Rensselaer CargoMax,Rensselaer A220,Rensselaer Regional 75,RA_59886,,,RA_19371,,MEV700349,1.9
RA_51000,RA-450,Grace Smirnov,,RA_21620,RA_93100,MEV700350,AeroControl X,RA_50759,Weather Radar Intermittent Signal,RA_41429,12/16/2026,6/15/2026,MEV700350,Rensselaer A900,Rensselaer CargoMax,Rensselaer CargoMax,Rensselaer A220,RA_54844,,,,,MEV700350,6.5
RA_86107,RA-451,Koen Villanueva,,RA_2546,RA_66595,MEV700351,Altitude Manager,RA_60660,Hydraulic Pressure Deviation,RA_8001,12/13/2026,6/15/2026,MEV700351,Rensselaer CargoMax,Rensselaer Regional 75,Rensselaer A900,Rensselaer CargoMax,RA_90765,,,RA_65051,,MEV700351,2.5
RA_95723,RA-452,Javier Zhang,,RA_8793,RA_45057,MEV700352,AeroTrack Vision,RA_95973,Communication Bus Fault,RA_77017,12/16/2026,6/15/2026,MEV700352,Rensselaer Regional 75,Rensselaer CargoMax,Rensselaer A220,Rensselaer CargoMax,RA_66533,,,RA_64256,,MEV700352,6.1
RA_93183,RA-453,Kavya Morozov,,RA_94369,RA_6810,MEV700353,SkyLogic Suite,RA_17221,Fuel Monitoring Anomaly,RA_19937,12/13/2026,6/16/2026,MEV700353,Rensselaer CargoMax,Rensselaer A900,Rensselaer A220,Rensselaer CargoMax,RA_64239,,,RA_48579,,MEV700353,6.2
RA_36772,RA-454,Natalia Visser,,RA_31694,RA_26641,MEV700354,RunwayLink,RA_18644,Fuel Monitoring Anomaly,RA_27958,12/16/2026,6/15/2026,MEV700354,Rensselaer A330,Rensselaer Regional 75,Rensselaer Regional 75,Rensselaer A330,RA_81793,,,,,MEV700354,5.2
RA_29842,RA-455,Hassan Patel,,RA_48836,RA_72644,MEV700355,SkyLogic Suite,RA_67400,Communication Bus Fault,RA_2683,12/13/2026,6/15/2026,MEV700355,Rensselaer A220,Rensselaer A220,Rensselaer A330,Rensselaer A900,RA_37046,,,RA_96286,,MEV700355,5.7
RA_38625,RA-456,Nisha Taylor,,RA_36719,RA_8597,MEV700356,AeroControl X,RA_34471,Hydraulic Pressure Deviation,RA_9634,12/16/2026,6/15/2026,MEV700356,Rensselaer Regional 75,Rensselaer A900,Rensselaer A220,Rensselaer A220,RA_78867,,,,,MEV700356,7.9
RA_88422,RA-457,Liza Mansour,,RA_96840,RA_35363,MEV700357,FleetPilot Central,RA_29710,Weather Radar Intermittent Signal,RA_42490,12/13/2026,6/15/2026,MEV700357,Rensselaer A220,Rensselaer A900,Rensselaer A900,Rensselaer A900,RA_81625,,,RA_22344,,MEV700357,8.2
RA_16771,RA-458,Marieke Mulder,,RA_63247,RA_42319,MEV700358,FleetPilot Central,RA_47450,Navigation Calibration Required,RA_8128,12/16/2026,6/15/2026,MEV700358,Rensselaer A900,Rensselaer A220,Rensselaer CargoMax,Rensselaer A220,RA_8639,,,RA_85883,,MEV700358,5.4
RA_74488,RA-459,Anouk Zhao,,RA_61312,RA_5440,MEV700359,AeroTrack Vision,RA_79545,Fuel Monitoring Anomaly,RA_88241,11/15/2026,5/19/2026,MEV700359,Rensselaer A220,Rensselaer Regional 75,Rensselaer CargoMax,Rensselaer CargoMax,RA_93806,,,RA_22347,,MEV700359,6.4
RA_90216,RA-460,Ashley Petrov,Aircraft Reliability Team,RA_48743,RA_10374,MEV700360,AeroTrack Vision,RA_37748,Landing Gear Wear,RA_15541,7/29/2026,6/9/2026,MEV700360,Rensselaer CargoMax,Rensselaer CargoMax,Rensselaer CargoMax,Rensselaer A330,RA_57834,,,RA_48531,,MEV700360,9.4
RA_88350,RA-461,Tyler Wu,Aircraft Reliability Team,RA_42426,RA_70955,MEV700361,FlightNav Pro,RA_95167,Hydraulic Pressure Deviation,RA_36751,7/29/2026,6/9/2026,MEV700361,Rensselaer A330,Rensselaer A900,Rensselaer Regional 75,Rensselaer A330,RA_11972,,,RA_99379,,MEV700361,2.1
RA_68033,RA-462,Alejandro Ma,Aircraft Reliability Team,RA_6373,RA_66588,MEV700362,RunwayLink,RA_57954,Hydraulic Pressure Deviation,RA_1408,7/29/2026,6/9/2026,MEV700362,Rensselaer A220,Rensselaer A220,Rensselaer A900,Rensselaer CargoMax,RA_55033,,,RA_42350,,MEV700362,2.1
RA_20324,RA-463,Miguel Villanueva,,RA_29983,RA_28847,MEV700363,RunwayLink,RA_59633,Landing Gear Wear,RA_32934,11/11/2026,5/12/2026,MEV700363,Rensselaer A330,Rensselaer CargoMax,Rensselaer A220,Rensselaer A900,RA_85566,,,RA_6338,,MEV700363,1.8
RA_22677,RA-464,Samir Vargas,Technical Operations Center,RA_80448,RA_7521,MEV700364,AeroControl X,RA_22915,Communication Bus Fault,RA_87981,7/29/2026,6/9/2026,MEV700364,Rensselaer Regional 75,Rensselaer Regional 75,Rensselaer A900,Rensselaer Regional 75,RA_2562,,,RA_63434,,MEV700364,6.9
RA_95399,RA-465,Tao Habib,Aircraft Reliability Team,,RA_82122,MEV700365,SkyLogic Suite,,Hydraulic Pressure Deviation,RA_83950,4/9/2026,6/15/2026,MEV700365,Rensselaer Regional 75,Rensselaer A900,Rensselaer Regional 75,Rensselaer CargoMax,RA_70485,,,,,MEV700365,4.8
RA_95171,RA-466,Carmen Sun,Fleet Engineering East,,RA_30434,MEV700366,FlightNav Pro,,Landing Gear Wear,RA_18087,9/12/2026,6/15/2026,MEV700366,Rensselaer CargoMax,Rensselaer CargoMax,Rensselaer Regional 75,Rensselaer A220,RA_5556,,,,,MEV700366,8
RA_4896,RA-467,Bo Liu,Fleet Engineering West,,RA_47778,MEV700367,FleetPilot Central,,Landing Gear Wear,RA_97305,12/16/2026,6/15/2026,MEV700367,Rensselaer CargoMax,Rensselaer CargoMax,Rensselaer A330,Rensselaer A900,RA_6302,,RA_88765,,,MEV700367,7
RA_90603,RA-468,Lars Nair,,,RA_82154,MEV700368,FlightNav Pro,,Landing Gear Wear,RA_12972,9/12/2026,6/15/2026,MEV700368,Rensselaer CargoMax,Rensselaer A330,Rensselaer A900,Rensselaer Regional 75,RA_40027,,,,,MEV700368,4
RA_12370,RA-469,Riley Moore,Fleet Engineering East,,RA_63388,MEV700369,SkyLogic Suite,RA_97695,Weather Radar Intermittent Signal,RA_26743,7/29/2026,6/9/2026,MEV700369,Rensselaer A330,Rensselaer A220,Rensselaer CargoMax,Rensselaer A330,RA_41512,,,RA_65467,,MEV700369,9.1
RA_17463,RA-470,Olga Taylor,Aircraft Reliability Team,,RA_84441,MEV700370,FleetPilot Central,RA_78408,Navigation Calibration Required,RA_85463,11/12/2026,6/9/2026,MEV700370,Rensselaer A900,Rensselaer CargoMax,Rensselaer Regional 75,Rensselaer A220,RA_24554,,,RA_63184,,MEV700370,7.9
RA_99773,RA-471,Jose Wilson,Avionics Operations,,RA_59685,MEV700371,AeroTrack Vision,RA_32319,Navigation Calibration Required,RA_4819,11/19/2026,6/9/2026,MEV700371,Rensselaer A900,Rensselaer Regional 75,Rensselaer Regional 75,Rensselaer A330,RA_21223,,,RA_8061,,MEV700371,3.4
RA_1223,RA-472,Grace Bakker,Technical Operations Center,,RA_80681,MEV700372,Altitude Manager,RA_22646,Cabin Environmental Sensor Drift,RA_7065,11/26/2026,6/9/2026,MEV700372,Rensselaer A900,Rensselaer A330,Rensselaer A330,Rensselaer A220,RA_81546,,,RA_3366,,MEV700372,4.3
RA_77546,RA-473,Pooja Mulder,Technical Operations Center,,RA_5736,MEV700373,Altitude Manager,RA_93041,Weather Radar Intermittent Signal,RA_60531,7/29/2026,6/9/2026,MEV700373,Rensselaer Regional 75,Rensselaer CargoMax,Rensselaer CargoMax,Rensselaer Regional 75,RA_26625,,,RA_68552,,MEV700373,3.8
RA_46652,RA-474,Nisha Ma,Aircraft Reliability Team,,RA_96887,MEV700374,AeroTrack Vision,RA_3466,Cabin Environmental Sensor Drift,RA_96336,11/12/2026,6/9/2026,MEV700374,Rensselaer Regional 75,Rensselaer CargoMax,Rensselaer Regional 75,Rensselaer A220,RA_51741,,,RA_9098,,MEV700374,2.4
RA_70689,RA-475,Emily Popov,Avionics Operations,,RA_11048,MEV700375,AeroControl X,RA_66433,Fuel Monitoring Anomaly,RA_25309,12/3/2026,6/9/2026,MEV700375,Rensselaer A900,Rensselaer Regional 75,Rensselaer A220,Rensselaer Regional 75,RA_73270,,,RA_14782,,MEV700375,2.3
RA_33690,RA-476,Mateo Bennett,Aircraft Reliability Team,,RA_68957,MEV700376,FlightNav Pro,RA_36158,Communication Bus Fault,RA_6179,12/3/2026,6/9/2026,MEV700376,Rensselaer CargoMax,Rensselaer A330,Rensselaer CargoMax,Rensselaer CargoMax,RA_34712,,,RA_98035,,MEV700376,9.4
RA_47575,RA-477,Angelo Zhang,Maintenance Excellence Group,,RA_94726,MEV700377,FleetPilot Central,RA_1165,Navigation Calibration Required,RA_29979,12/3/2026,6/9/2026,MEV700377,Rensselaer A220,Rensselaer A330,Rensselaer A900,Rensselaer CargoMax,RA_64942,,,RA_437,,MEV700377,4.9
RA_68181,RA-478,Daan van Leeuwen,Maintenance Excellence Group,,RA_77707,MEV700378,AeroTrack Vision,RA_52704,Navigation Calibration Required,RA_36589,12/3/2026,6/9/2026,MEV700378,Rensselaer A900,Rensselaer A220,Rensselaer A330,Rensselaer A220,RA_63946,,,RA_1756,,MEV700378,4.4
RA_51919,RA-479,Khalid Johnson,Technical Operations Center,,RA_5327,MEV700379,RunwayLink,RA_93831,Navigation Calibration Required,RA_65020,7/29/2026,6/9/2026,MEV700379,Rensselaer A220,Rensselaer CargoMax,Rensselaer A220,Rensselaer A900,RA_1640,,,RA_27705,,MEV700379,7.6
RA_9859,RA-480,Elena Xu,Flight Systems Engineering,,RA_99741,MEV700380,AeroTrack Vision,RA_68390,Hydraulic Pressure Deviation,RA_39635,11/12/2026,6/9/2026,MEV700380,Rensselaer A900,Rensselaer A220,Rensselaer A220,Rensselaer A330,RA_99086,,,RA_54948,,MEV700380,6
RA_12979,RA-481,Marieke Moore,Maintenance Excellence Group,,RA_60874,MEV700381,AeroControl X,RA_84376,Cabin Environmental Sensor Drift,RA_11467,7/29/2026,6/9/2026,MEV700381,Rensselaer A220,Rensselaer A330,Rensselaer A900,Rensselaer A220,RA_64295,,,RA_82752,,MEV700381,9.4
RA_55568,RA-482,Rico Chen,Maintenance Excellence Group,,RA_21135,MEV700382,FlightNav Pro,RA_59641,Communication Bus Fault,RA_54865,7/29/2026,6/9/2026,MEV700382,Rensselaer CargoMax,Rensselaer A220,Rensselaer A330,Rensselaer A220,RA_69413,,,RA_16102,,MEV700382,8
RA_19051,RA-483,Natalia Kok,Aircraft Reliability Team,,RA_14212,MEV700383,AeroTrack Vision,RA_32819,Weather Radar Intermittent Signal,RA_41148,7/29/2026,6/9/2026,MEV700383,Rensselaer Regional 75,Rensselaer Regional 75,Rensselaer Regional 75,Rensselaer A330,RA_8414,,,RA_13257,,MEV700383,5.3
RA_29953,RA-484,Angelica Huang,Fleet Engineering West,,RA_88909,MEV700384,RunwayLink,RA_96914,Cabin Environmental Sensor Drift,RA_11205,11/12/2026,6/9/2026,MEV700384,Rensselaer A900,Rensselaer A900,Rensselaer A330,Rensselaer A220,RA_97837,,,RA_35643,,MEV700384,4.4
RA_69184,RA-485,Carlos Mulder,Fleet Engineering West,,RA_98724,MEV700385,SkyLogic Suite,RA_7262,Fuel Monitoring Anomaly,RA_68747,11/12/2026,6/9/2026,MEV700385,Rensselaer A900,Rensselaer Regional 75,Rensselaer Regional 75,Rensselaer A330,RA_46584,,,RA_29760,,MEV700385,9.9
RA_15554,RA-486,Amit Popov,Avionics Operations,,RA_37732,MEV700386,RunwayLink,RA_68199,Navigation Calibration Required,RA_80213,11/12/2026,6/9/2026,MEV700386,Rensselaer CargoMax,Rensselaer A330,Rensselaer A900,Rensselaer Regional 75,RA_20480,,,RA_71791,,MEV700386,7.5
RA_29250,RA-487,Raj Sun,Fleet Engineering West,,RA_32909,MEV700387,AeroTrack Vision,RA_87266,Weather Radar Intermittent Signal,RA_50115,7/29/2026,6/9/2026,MEV700387,Rensselaer A330,Rensselaer Regional 75,Rensselaer A900,Rensselaer A900,RA_41053,,,RA_56463,,MEV700387,9.6
RA_95204,RA-488,Nisha Iyer,Fleet Engineering East,,RA_57206,MEV700388,FleetPilot Central,RA_59964,Cabin Environmental Sensor Drift,RA_64323,7/29/2026,6/9/2026,MEV700388,Rensselaer A900,Rensselaer A330,Rensselaer A220,Rensselaer CargoMax,RA_95706,,,RA_42203,,MEV700388,2.1
RA_34366,RA-489,Pavel Bakker,Flight Systems Engineering,,RA_48358,MEV700389,RunwayLink,RA_866,Navigation Calibration Required,RA_67944,11/12/2026,6/9/2026,MEV700389,Rensselaer A220,Rensselaer Regional 75,Rensselaer A220,Rensselaer CargoMax,RA_38114,,,RA_77152,,MEV700389,8.7
RA_49214,RA-490,Mikhail Ortega,Maintenance Excellence Group,,RA_45433,MEV700390,FlightNav Pro,RA_11852,Navigation Calibration Required,RA_71573,7/29/2026,6/9/2026,MEV700390,Rensselaer CargoMax,Rensselaer CargoMax,Rensselaer A220,Rensselaer A900,RA_67827,,,RA_80298,,MEV700390,6.7
RA_25497,RA-491,Nisha López,Flight Systems Engineering,,RA_62813,MEV700391,RunwayLink,RA_42951,Weather Radar Intermittent Signal,RA_54417,11/12/2026,6/9/2026,MEV700391,Rensselaer A330,Rensselaer CargoMax,Rensselaer A900,Rensselaer A330,RA_71861,,,RA_66868,,MEV700391,2.1
RA_32321,RA-492,Layla Wu,Fleet Engineering East,,RA_77402,MEV700392,FleetPilot Central,RA_18786,Fuel Monitoring Anomaly,RA_37646,11/12/2026,6/9/2026,MEV700392,Rensselaer A900,Rensselaer Regional 75,Rensselaer Regional 75,Rensselaer A900,RA_23367,,,RA_9547,,MEV700392,6.3
RA_41600,RA-493,Logan Huang,Maintenance Excellence Group,,RA_20939,MEV700393,RunwayLink,RA_3272,Landing Gear Wear,RA_1013,7/29/2026,6/9/2026,MEV700393,Rensselaer A900,Rensselaer A220,Rensselaer A900,Rensselaer A330,RA_75380,,,RA_58674,,MEV700393,7.2
RA_8371,RA-494,Hao Sharma,Avionics Operations,,RA_33084,MEV700394,FlightNav Pro,RA_62228,Weather Radar Intermittent Signal,RA_63794,7/29/2026,6/9/2026,MEV700394,Rensselaer Regional 75,Rensselaer A330,Rensselaer A900,Rensselaer A900,RA_83481,,,RA_34059,,MEV700394,1.1
RA_94097,RA-495,Emily Taylor,Fleet Engineering East,,RA_83313,MEV700395,SkyLogic Suite,RA_59755,Landing Gear Wear,RA_12215,11/12/2026,6/9/2026,MEV700395,Rensselaer A330,Rensselaer CargoMax,Rensselaer A220,Rensselaer A220,RA_17538,,,RA_27695,,MEV700395,5.1
RA_13950,RA-496,Koen Haddad,Fleet Engineering East,,RA_36806,MEV700396,FleetPilot Central,RA_35691,Fuel Monitoring Anomaly,RA_74761,11/12/2026,6/9/2026,MEV700396,Rensselaer CargoMax,Rensselaer A330,Rensselaer A330,Rensselaer A220,RA_26812,,,RA_78442,,MEV700396,8.4
RA_63512,RA-497,Noor Ma,Flight Systems Engineering,,RA_49616,MEV700397,Altitude Manager,RA_30584,Hydraulic Pressure Deviation,RA_65599,7/29/2026,6/9/2026,MEV700397,Rensselaer A220,Rensselaer CargoMax,Rensselaer A220,Rensselaer A900,RA_21958,,,RA_69777,,MEV700397,3.7
RA_1352,RA-498,Omar Al-Fayed,Aircraft Reliability Team,,RA_10286,MEV700398,AeroTrack Vision,RA_33654,Communication Bus Fault,RA_73917,7/29/2026,6/9/2026,MEV700398,Rensselaer A900,Rensselaer A900,Rensselaer A330,Rensselaer Regional 75,RA_80892,,,RA_16638,,MEV700398,5.1
RA_77674,RA-499,Pavel Nair,Flight Systems Engineering,,RA_20143,MEV700399,SkyLogic Suite,RA_73185,Weather Radar Intermittent Signal,RA_32161,7/29/2026,6/9/2026,MEV700399,Rensselaer CargoMax,Rensselaer Regional 75,Rensselaer Regional 75,Rensselaer A900,RA_97660,,,RA_28743,,MEV700399,5
RA_75256,RA-500,Samir Castillo,Technical Operations Center,,RA_93925,MEV700400,FlightNav Pro,RA_82816,Landing Gear Wear,RA_74003,11/12/2026,6/9/2026,MEV700400,Rensselaer Regional 75,Rensselaer CargoMax,Rensselaer Regional 75,Rensselaer CargoMax,RA_57680,,,RA_52928,,MEV700400,3.7
RA_65532,RA-501,Vikram Orlov,Flight Systems Engineering,,RA_35254,MEV700401,FleetPilot Central,RA_80040,Fuel Monitoring Anomaly,RA_17082,7/29/2026,6/9/2026,MEV700401,Rensselaer A900,Rensselaer Regional 75,Rensselaer CargoMax,Rensselaer A220,RA_30523,,,RA_26479,,MEV700401,9.3
RA_24925,RA-502,Pavel Yang,Fleet Engineering West,,RA_15410,MEV700402,AeroTrack Vision,RA_74447,Cabin Environmental Sensor Drift,RA_41740,7/29/2026,6/9/2026,MEV700402,Rensselaer A330,Rensselaer A900,Rensselaer CargoMax,Rensselaer A900,RA_68061,,,RA_1153,,MEV700402,8
RA_70111,RA-503,Grace Kuznetsov,Fleet Engineering East,,RA_11407,MEV700403,SkyLogic Suite,RA_35242,Navigation Calibration Required,RA_71391,7/29/2026,6/9/2026,MEV700403,Rensselaer CargoMax,Rensselaer A330,Rensselaer CargoMax,Rensselaer CargoMax,RA_75384,,,RA_87299,,MEV700403,2
RA_15440,RA-504,Pilar Morozov,Flight Systems Engineering,,RA_24890,MEV700404,FlightNav Pro,RA_99364,Hydraulic Pressure Deviation,RA_82864,7/29/2026,6/9/2026,MEV700404,Rensselaer A220,Rensselaer Regional 75,Rensselaer Regional 75,Rensselaer A220,RA_11071,,,RA_37065,,MEV700404,10
RA_94072,RA-505,Pooja Morales,Fleet Engineering East,,RA_57570,MEV700405,RunwayLink,RA_35559,Weather Radar Intermittent Signal,RA_24089,11/12/2026,6/9/2026,MEV700405,Rensselaer Regional 75,Rensselaer CargoMax,Rensselaer A220,Rensselaer Regional 75,RA_96426,,,RA_6162,,MEV700405,8.9
RA_77585,RA-506,Raj Jansen,Technical Operations Center,,RA_9846,MEV700406,Altitude Manager,RA_15473,Landing Gear Wear,RA_34214,11/12/2026,6/9/2026,MEV700406,Rensselaer CargoMax,Rensselaer A900,Rensselaer A220,Rensselaer Regional 75,RA_46526,,,RA_73705,,MEV700406,3.6
RA_8357,RA-507,Grace Nair,Fleet Engineering West,,RA_620,MEV700407,RunwayLink,RA_88962,Cabin Environmental Sensor Drift,RA_4806,11/26/2026,6/9/2026,MEV700407,Rensselaer A900,Rensselaer CargoMax,Rensselaer A220,Rensselaer CargoMax,RA_23532,,,RA_35724,,MEV700407,8.5
RA_4395,RA-508,Femke Sánchez,Fleet Engineering East,,RA_89932,MEV700408,Altitude Manager,RA_42925,Landing Gear Wear,RA_93902,11/26/2026,6/9/2026,MEV700408,Rensselaer A220,Rensselaer A900,Rensselaer A900,Rensselaer A900,RA_89545,,,RA_88829,,MEV700408,2
RA_29737,RA-509,Tyler Zhao,Flight Systems Engineering,,RA_3407,MEV700409,FlightNav Pro,RA_77501,Fuel Monitoring Anomaly,RA_32929,7/29/2026,6/9/2026,MEV700409,Rensselaer A900,Rensselaer A900,Rensselaer CargoMax,Rensselaer A220,RA_97607,,,RA_82996,,MEV700409,10
RA_62640,RA-510,Miguel Sun,Fleet Engineering East,,RA_11709,MEV700410,Altitude Manager,RA_23469,Weather Radar Intermittent Signal,RA_23551,10/1/2026,6/9/2026,MEV700410,Rensselaer A900,Rensselaer CargoMax,Rensselaer A220,Rensselaer Regional 75,RA_58044,,,RA_88294,,MEV700410,7
RA_68956,RA-511,Lotte Menon,Maintenance Excellence Group,,RA_70978,MEV700411,SkyLogic Suite,RA_94564,Fuel Monitoring Anomaly,RA_8410,11/12/2026,6/9/2026,MEV700411,Rensselaer A330,Rensselaer Regional 75,Rensselaer CargoMax,Rensselaer CargoMax,RA_66735,,,RA_33096,,MEV700411,6.9
RA_67579,RA-512,Maria Ramírez,Technical Operations Center,,RA_96220,MEV700412,AeroTrack Vision,RA_16714,Landing Gear Wear,RA_92844,7/29/2026,6/9/2026,MEV700412,Rensselaer A330,Rensselaer A330,Rensselaer CargoMax,Rensselaer A330,RA_35989,,,RA_10446,,MEV700412,1.8
RA_47431,RA-513,Emily Meijer,Fleet Engineering West,,RA_92048,MEV700413,RunwayLink,RA_19539,Weather Radar Intermittent Signal,RA_83664,11/12/2026,6/9/2026,MEV700413,Rensselaer A900,Rensselaer A330,Rensselaer A900,Rensselaer A900,RA_63272,,,RA_11813,,MEV700413,9.1
RA_37543,RA-514,Pilar Sun,Aircraft Reliability Team,,RA_23661,MEV700414,Altitude Manager,RA_56281,Communication Bus Fault,RA_47319,12/3/2026,6/9/2026,MEV700414,Rensselaer Regional 75,Rensselaer A900,Rensselaer Regional 75,Rensselaer A330,RA_26102,,,RA_41798,,MEV700414,1.3
RA_60423,RA-515,Dmitri van Leeuwen,Fleet Engineering East,,RA_9281,MEV700415,AeroTrack Vision,RA_50640,Landing Gear Wear,RA_16461,11/12/2026,6/9/2026,MEV700415,Rensselaer A330,Rensselaer CargoMax,Rensselaer A220,Rensselaer A900,RA_4535,,,RA_71086,,MEV700415,3.2
RA_23311,RA-516,Ming Rao,Flight Systems Engineering,,RA_69049,MEV700416,AeroControl X,RA_907,Navigation Calibration Required,RA_2771,11/19/2026,6/9/2026,MEV700416,Rensselaer A330,Rensselaer A900,Rensselaer A900,Rensselaer A220,RA_51245,,,RA_2491,,MEV700416,2.3
RA_78304,RA-517,Liza van Leeuwen,Fleet Engineering West,,RA_43819,MEV700417,Altitude Manager,RA_1358,Weather Radar Intermittent Signal,RA_48865,11/26/2026,6/9/2026,MEV700417,Rensselaer A330,Rensselaer A330,Rensselaer Regional 75,Rensselaer CargoMax,RA_25016,,,RA_10322,,MEV700417,8
RA_87117,RA-518,Ananya Khan,Flight Systems Engineering,,RA_58419,MEV700418,AeroControl X,RA_67526,Communication Bus Fault,RA_99617,11/26/2026,6/9/2026,MEV700418,Rensselaer A330,Rensselaer A900,Rensselaer Regional 75,Rensselaer A220,RA_84523,,,RA_73541,,MEV700418,2.8
RA_31638,RA-519,Cooper Bos,Flight Systems Engineering,,RA_1452,MEV700419,AeroTrack Vision,RA_41164,Weather Radar Intermittent Signal,RA_91674,7/29/2026,6/9/2026,MEV700419,Rensselaer A220,Rensselaer A900,Rensselaer A220,Rensselaer A330,RA_45403,,,RA_32058,,MEV700419,9.2
RA_35780,RA-520,Koen Anderson,Fleet Engineering East,,RA_11482,MEV700420,FleetPilot Central,RA_65705,Hydraulic Pressure Deviation,RA_78384,7/29/2026,6/9/2026,MEV700420,Rensselaer A900,Rensselaer A330,Rensselaer CargoMax,Rensselaer CargoMax,RA_9611,,,RA_7175,,MEV700420,6.9
RA_39174,RA-521,Tao Ramos,Flight Systems Engineering,,RA_14990,MEV700421,AeroTrack Vision,RA_68219,Navigation Calibration Required,RA_47236,11/12/2026,6/9/2026,MEV700421,Rensselaer A220,Rensselaer Regional 75,Rensselaer A330,Rensselaer A220,RA_12767,,,RA_92871,,MEV700421,1.3
RA_66637,RA-522,Rohan Wang,Fleet Engineering East,,RA_48737,MEV700422,SkyLogic Suite,RA_86105,Weather Radar Intermittent Signal,RA_86976,11/12/2026,6/9/2026,MEV700422,Rensselaer CargoMax,Rensselaer A900,Rensselaer CargoMax,Rensselaer A220,RA_73962,,,RA_7462,,MEV700422,1
RA_67148,RA-523,Svetlana Yang,Aircraft Reliability Team,,RA_14700,MEV700423,FleetPilot Central,RA_64727,Cabin Environmental Sensor Drift,RA_5994,11/12/2026,6/9/2026,MEV700423,Rensselaer CargoMax,Rensselaer Regional 75,Rensselaer CargoMax,Rensselaer A220,RA_71321,,,RA_33640,,MEV700423,1.5
RA_14688,RA-524,Isabella de Vries,Maintenance Excellence Group,,RA_78442,MEV700424,RunwayLink,RA_21696,Landing Gear Wear,RA_34213,11/12/2026,6/9/2026,MEV700424,Rensselaer CargoMax,Rensselaer A900,Rensselaer A330,Rensselaer A330,RA_79961,,,RA_59998,,MEV700424,6.5
RA_44456,RA-525,Sergei Romanov,Flight Systems Engineering,,RA_66397,MEV700425,FleetPilot Central,RA_97972,Cabin Environmental Sensor Drift,RA_8214,11/12/2026,6/9/2026,MEV700425,Rensselaer A220,Rensselaer CargoMax,Rensselaer Regional 75,Rensselaer A220,RA_52157,,,RA_72860,,MEV700425,8.2
RA_85470,RA-526,Fatima Davis,Flight Systems Engineering,,RA_88213,MEV700426,RunwayLink,RA_87287,Landing Gear Wear,RA_78082,8/13/2026,6/9/2026,MEV700426,Rensselaer A900,Rensselaer A900,Rensselaer A330,Rensselaer Regional 75,RA_6156,,,RA_20529,,MEV700426,3.1
RA_42009,RA-527,Chen Rahman,Flight Systems Engineering,,RA_29802,MEV700427,Altitude Manager,RA_83414,Fuel Monitoring Anomaly,RA_46955,7/29/2026,6/9/2026,MEV700427,Rensselaer CargoMax,Rensselaer A900,Rensselaer A330,Rensselaer A900,RA_73152,,,RA_81002,,MEV700427,8.6
RA_73660,RA-528,Carmen Zhao,Avionics Operations,,RA_7262,MEV700428,Altitude Manager,RA_73872,Landing Gear Wear,RA_3391,11/12/2026,6/9/2026,MEV700428,Rensselaer A330,Rensselaer A220,Rensselaer A900,Rensselaer Regional 75,RA_24443,,,RA_15770,,MEV700428,1.5
RA_52620,RA-529,Ashley van Leeuwen,Avionics Operations,,RA_70447,MEV700429,Altitude Manager,RA_77678,Hydraulic Pressure Deviation,RA_83507,7/29/2026,6/9/2026,MEV700429,Rensselaer CargoMax,Rensselaer CargoMax,Rensselaer A900,Rensselaer A330,RA_35294,,,RA_75525,,MEV700429,8.2
RA_5122,RA-530,Samir Saleh,Fleet Engineering West,,RA_54520,MEV700430,RunwayLink,RA_86539,Communication Bus Fault,RA_83580,11/12/2026,6/9/2026,MEV700430,Rensselaer Regional 75,Rensselaer CargoMax,Rensselaer A900,Rensselaer A330,RA_55702,,,RA_36088,,MEV700430,9.4
RA_11634,RA-531,Madison Mansour,Maintenance Excellence Group,RA_65944,RA_30490,MEV700431,AeroTrack Vision,RA_55442,Fuel Monitoring Anomaly,RA_53128,12/6/2026,6/9/2026,MEV700431,Rensselaer A330,Rensselaer Regional 75,Rensselaer Regional 75,Rensselaer A220,RA_11617,,,RA_32112,RA_97232,MEV700431,7.9
RA_55290,RA-532,Natalia Mehta,Maintenance Excellence Group,RA_89388,RA_82929,MEV700432,FleetPilot Central,RA_73975,Weather Radar Intermittent Signal,RA_58033,12/6/2026,6/9/2026,MEV700432,Rensselaer A330,Rensselaer Regional 75,Rensselaer A330,Rensselaer CargoMax,RA_24075,,,RA_41945,RA_72452,MEV700432,7.3
RA_53965,RA-533,Vikram Petrov,Avionics Operations,,RA_17629,MEV700433,SkyLogic Suite,RA_95014,Landing Gear Wear,RA_57457,11/12/2026,6/9/2026,MEV700433,Rensselaer A330,Rensselaer A900,Rensselaer A220,Rensselaer Regional 75,RA_16431,,,RA_98034,,MEV700433,8.5
RA_45264,RA-534,Omar Mulder,Fleet Engineering West,,RA_94083,MEV700434,SkyLogic Suite,RA_55340,Hydraulic Pressure Deviation,RA_62878,11/12/2026,6/9/2026,MEV700434,Rensselaer CargoMax,Rensselaer A330,Rensselaer A330,Rensselaer A330,RA_99995,,,RA_86868,,MEV700434,1.4
RA_7387,RA-535,Cooper Saleh,Avionics Operations,,RA_94350,MEV700435,RunwayLink,RA_87993,Cabin Environmental Sensor Drift,RA_5660,11/26/2026,6/9/2026,MEV700435,Rensselaer A330,Rensselaer A900,Rensselaer Regional 75,Rensselaer A900,RA_82337,,,RA_80468,,MEV700435,2.8
RA_7838,RA-536,Daan Garcia,Aircraft Reliability Team,,RA_90796,MEV700436,AeroControl X,RA_24021,Communication Bus Fault,RA_53077,11/26/2026,6/9/2026,MEV700436,Rensselaer Regional 75,Rensselaer A220,Rensselaer A900,Rensselaer A330,RA_96399,,,RA_12640,,MEV700436,2.1
RA_32876,RA-537,Marieke Morales,Fleet Engineering West,,RA_51654,MEV700437,RunwayLink,RA_35125,Fuel Monitoring Anomaly,RA_72840,8/27/2026,6/9/2026,MEV700437,Rensselaer A220,Rensselaer A900,Rensselaer Regional 75,Rensselaer Regional 75,RA_12700,,,RA_70880,,MEV700437,5.5
RA_36335,RA-538,Omar Sharma,Maintenance Excellence Group,,RA_74859,MEV700438,FlightNav Pro,RA_78911,Communication Bus Fault,RA_17558,11/12/2026,6/9/2026,MEV700438,Rensselaer Regional 75,Rensselaer A220,Rensselaer A900,Rensselaer A900,RA_42865,,,RA_82067,,MEV700438,7.7
RA_67572,RA-539,Dmitri Parker,Maintenance Excellence Group,,RA_32827,MEV700439,SkyLogic Suite,RA_92901,Fuel Monitoring Anomaly,RA_33472,7/29/2026,6/9/2026,MEV700439,Rensselaer A900,Rensselaer A900,Rensselaer Regional 75,Rensselaer A900,RA_86148,,,RA_1528,,MEV700439,6.7
RA_66862,RA-540,Anya de Boer,Avionics Operations,,RA_81859,MEV700440,Altitude Manager,RA_82886,Hydraulic Pressure Deviation,RA_64733,7/3/2026,6/9/2026,MEV700440,Rensselaer A330,Rensselaer Regional 75,Rensselaer A220,Rensselaer A220,RA_90938,,,RA_30155,,MEV700440,8.7
RA_5925,RA-541,Molly Aziz,Aircraft Reliability Team,,RA_30866,MEV700441,AeroControl X,RA_95349,Cabin Environmental Sensor Drift,RA_92775,7/29/2026,6/9/2026,MEV700441,Rensselaer Regional 75,Rensselaer A900,Rensselaer A900,Rensselaer CargoMax,RA_78748,,,RA_50876,,MEV700441,2.4
RA_47131,RA-542,Daan Bakker,Avionics Operations,,RA_25033,MEV700442,RunwayLink,RA_5327,Fuel Monitoring Anomaly,RA_35866,11/12/2026,6/9/2026,MEV700442,Rensselaer CargoMax,Rensselaer Regional 75,Rensselaer A900,Rensselaer A900,RA_17521,,,RA_98882,,MEV700442,7.6
RA_57077,RA-543,Ming Popov,Technical Operations Center,,RA_12033,MEV700443,Altitude Manager,RA_14165,Weather Radar Intermittent Signal,RA_90824,11/19/2026,6/9/2026,MEV700443,Rensselaer A900,Rensselaer A330,Rensselaer A330,Rensselaer A220,RA_35665,,,RA_12499,,MEV700443,2.7
RA_53870,RA-544,Hassan López,Fleet Engineering East,,RA_88521,MEV700444,FleetPilot Central,RA_88166,Communication Bus Fault,RA_42567,11/26/2026,6/9/2026,MEV700444,Rensselaer Regional 75,Rensselaer A330,Rensselaer Regional 75,Rensselaer CargoMax,RA_63660,,,RA_3672,,MEV700444,3.4
RA_1172,RA-545,Miguel Wang,Fleet Engineering East,,RA_86776,MEV700445,FleetPilot Central,RA_45365,Landing Gear Wear,RA_10551,11/26/2026,6/9/2026,MEV700445,Rensselaer A330,Rensselaer CargoMax,Rensselaer CargoMax,Rensselaer A220,RA_13910,,,RA_67933,,MEV700445,7.4
RA_71538,RA-546,Ming Martínez,Aircraft Reliability Team,,RA_12975,MEV700446,AeroTrack Vision,RA_20246,Communication Bus Fault,RA_40136,12/3/2026,6/9/2026,MEV700446,Rensselaer CargoMax,Rensselaer A900,Rensselaer CargoMax,Rensselaer A330,RA_9867,,,RA_49741,,MEV700446,9.8
RA_15060,RA-547,Layla Smith,Flight Systems Engineering,,RA_16304,MEV700447,Altitude Manager,RA_88357,Communication Bus Fault,RA_64760,12/3/2026,6/9/2026,MEV700447,Rensselaer A330,Rensselaer CargoMax,Rensselaer A330,Rensselaer A330,RA_81263,,,RA_72110,,MEV700447,6.5
RA_67960,RA-548,Ashley Haddad,Flight Systems Engineering,,RA_10269,MEV700448,SkyLogic Suite,RA_16853,Navigation Calibration Required,RA_21104,12/3/2026,6/9/2026,MEV700448,Rensselaer A900,Rensselaer A900,Rensselaer Regional 75,Rensselaer CargoMax,RA_65183,,,RA_62981,,MEV700448,1.5
RA_67104,RA-549,Diego Smirnov,Fleet Engineering East,,RA_85741,MEV700449,FlightNav Pro,RA_64778,Cabin Environmental Sensor Drift,RA_69084,7/29/2026,6/9/2026,MEV700449,Rensselaer Regional 75,Rensselaer A330,Rensselaer A220,Rensselaer A220,RA_83496,,,RA_56710,,MEV700449,6.5
RA_35205,RA-550,Tyler Davis,Fleet Engineering East,,RA_96907,MEV700450,Altitude Manager,RA_83161,Communication Bus Fault,RA_80283,7/29/2026,6/9/2026,MEV700450,Rensselaer A330,Rensselaer A220,Rensselaer A330,Rensselaer Regional 75,RA_99102,,,RA_53092,,MEV700450,1.4
RA_25187,RA-551,Sergei Santos,Flight Systems Engineering,,RA_79597,MEV700451,RunwayLink,RA_42310,Landing Gear Wear,RA_54717,11/12/2026,6/9/2026,MEV700451,Rensselaer A900,Rensselaer CargoMax,Rensselaer A900,Rensselaer A220,RA_39867,,,RA_11846,,MEV700451,9
RA_33038,RA-552,Yue Navarro,Fleet Engineering West,,RA_45450,MEV700452,SkyLogic Suite,RA_48058,Navigation Calibration Required,RA_39157,11/19/2026,6/9/2026,MEV700452,Rensselaer CargoMax,Rensselaer CargoMax,Rensselaer A220,Rensselaer Regional 75,RA_50569,,,RA_69144,,MEV700452,7.4
RA_7190,RA-553,Femke Castillo,Flight Systems Engineering,,RA_10688,MEV700453,AeroControl X,RA_96060,Fuel Monitoring Anomaly,RA_52509,11/26/2026,6/9/2026,MEV700453,Rensselaer Regional 75,Rensselaer A330,Rensselaer Regional 75,Rensselaer A900,RA_52773,,,RA_60282,,MEV700453,2.6
RA_84157,RA-554,Chen Murphy,Avionics Operations,,RA_38356,MEV700454,Altitude Manager,RA_52371,Navigation Calibration Required,RA_74076,11/26/2026,6/9/2026,MEV700454,Rensselaer Regional 75,Rensselaer A330,Rensselaer A900,Rensselaer A900,RA_50081,,,RA_9045,,MEV700454,1.8
RA_73161,RA-555,Marieke Aziz,Fleet Engineering West,,RA_93798,MEV700455,AeroControl X,RA_34556,Cabin Environmental Sensor Drift,RA_67414,7/29/2026,6/9/2026,MEV700455,Rensselaer A900,Rensselaer A220,Rensselaer CargoMax,Rensselaer A900,RA_87733,,,RA_1410,,MEV700455,2.7
RA_89674,RA-556,Bo Zhao,Avionics Operations,,RA_52444,MEV700456,SkyLogic Suite,RA_80527,Landing Gear Wear,RA_76276,11/12/2026,6/9/2026,MEV700456,Rensselaer Regional 75,Rensselaer CargoMax,Rensselaer Regional 75,Rensselaer A220,RA_21893,,,RA_91513,,MEV700456,9.8
RA_4833,RA-557,Sanne Menon,Fleet Engineering East,,RA_4061,MEV700457,RunwayLink,RA_10942,Fuel Monitoring Anomaly,RA_1308,7/29/2026,6/9/2026,MEV700457,Rensselaer CargoMax,Rensselaer A330,Rensselaer A900,Rensselaer CargoMax,RA_36406,,,RA_61711,,MEV700457,5.1
RA_90650,RA-558,Omar Habib,Fleet Engineering West,,RA_68661,MEV700458,SkyLogic Suite,RA_74411,Communication Bus Fault,RA_78226,7/29/2026,6/9/2026,MEV700458,Rensselaer CargoMax,Rensselaer A330,Rensselaer Regional 75,Rensselaer Regional 75,RA_15648,,,RA_76073,,MEV700458,8.1
RA_94257,RA-559,Angelica Navarro,Avionics Operations,,RA_42184,MEV700459,SkyLogic Suite,RA_96610,Fuel Monitoring Anomaly,RA_95414,7/29/2026,6/9/2026,MEV700459,Rensselaer Regional 75,Rensselaer A220,Rensselaer A900,Rensselaer A220,RA_33920,,,RA_60079,,MEV700459,6.7
RA_32206,RA-560,Xiu Rao,Avionics Operations,,RA_19730,MEV700460,SkyLogic Suite,RA_65053,Communication Bus Fault,RA_9877,11/12/2026,6/9/2026,MEV700460,Rensselaer A330,Rensselaer A220,Rensselaer Regional 75,Rensselaer A900,RA_79291,,,RA_32953,,MEV700460,6.2
RA_72629,RA-561,Olga Brown,Fleet Engineering West,,RA_87297,MEV700461,FleetPilot Central,RA_6631,Fuel Monitoring Anomaly,RA_80738,8/13/2026,6/9/2026,MEV700461,Rensselaer A330,Rensselaer Regional 75,Rensselaer CargoMax,Rensselaer A330,RA_51136,,,RA_9754,,MEV700461,2.3
RA_59255,RA-562,Grace Patel,Aircraft Reliability Team,,RA_33753,MEV700462,AeroTrack Vision,RA_99185,Fuel Monitoring Anomaly,RA_82933,11/12/2026,6/9/2026,MEV700462,Rensselaer CargoMax,Rensselaer A900,Rensselaer A330,Rensselaer A900,RA_77316,,,RA_50001,,MEV700462,9.5
RA_87139,RA-563,Tessa Singh,Technical Operations Center,RA_59182,RA_99159,MEV700463,SkyLogic Suite,RA_34628,Communication Bus Fault,RA_19065,12/6/2026,6/9/2026,MEV700463,Rensselaer A330,Rensselaer Regional 75,Rensselaer A900,Rensselaer CargoMax,RA_94481,,,RA_79500,RA_1791,MEV700463,3.7
RA_16076,RA-564,Liza van Dijk,Flight Systems Engineering,,RA_83180,MEV700464,FleetPilot Central,RA_71710,Navigation Calibration Required,RA_76797,7/29/2026,6/9/2026,MEV700464,Rensselaer A900,Rensselaer A220,Rensselaer A900,Rensselaer A900,RA_62180,,,RA_62203,,MEV700464,6.2
RA_66908,RA-565,Irina Xu,Maintenance Excellence Group,,RA_91908,MEV700465,FlightNav Pro,RA_93528,Fuel Monitoring Anomaly,RA_14968,11/12/2026,6/9/2026,MEV700465,Rensselaer A220,Rensselaer A330,Rensselaer CargoMax,Rensselaer CargoMax,RA_98527,,,RA_62116,,MEV700465,7.3
RA_72319,RA-566,Alejandro Brown,Avionics Operations,,RA_67028,MEV700466,FleetPilot Central,RA_55488,Hydraulic Pressure Deviation,RA_26141,11/26/2026,6/9/2026,MEV700466,Rensselaer Regional 75,Rensselaer A220,Rensselaer A330,Rensselaer A330,RA_22968,,,RA_87188,,MEV700466,6.8
RA_84775,RA-567,Tyler Meijer,Flight Systems Engineering,,RA_58545,MEV700467,AeroControl X,RA_38512,Fuel Monitoring Anomaly,RA_29108,11/26/2026,6/9/2026,MEV700467,Rensselaer A900,Rensselaer CargoMax,Rensselaer Regional 75,Rensselaer Regional 75,RA_66242,,,RA_91978,,MEV700467,9.5
RA_89831,RA-568,Angelo Rahman,Technical Operations Center,,RA_81684,MEV700468,FlightNav Pro,RA_47576,Fuel Monitoring Anomaly,RA_64253,7/29/2026,6/9/2026,MEV700468,Rensselaer CargoMax,Rensselaer A330,Rensselaer A900,Rensselaer A900,RA_41098,,,RA_44777,,MEV700468,2.3
RA_59957,RA-569,Pilar de Vries,Maintenance Excellence Group,,RA_57357,MEV700469,AeroControl X,RA_43799,Hydraulic Pressure Deviation,RA_44899,7/29/2026,5/19/2026,MEV700469,Rensselaer A220,Rensselaer Regional 75,Rensselaer A330,Rensselaer CargoMax,RA_75979,,,RA_52115,,MEV700469,5.6
RA_39465,RA-570,Jose Saleh,Flight Systems Engineering,,RA_32956,MEV700470,AeroTrack Vision,RA_57875,Landing Gear Wear,RA_30649,7/29/2026,6/9/2026,MEV700470,Rensselaer CargoMax,Rensselaer Regional 75,Rensselaer Regional 75,Rensselaer Regional 75,RA_13574,,,RA_49905,,MEV700470,4.6
RA_11135,RA-571,Marieke Morozov,Fleet Engineering East,RA_78854,RA_81098,MEV700471,Altitude Manager,RA_93760,Communication Bus Fault,RA_63327,12/6/2026,6/9/2026,MEV700471,Rensselaer A220,Rensselaer Regional 75,Rensselaer A900,Rensselaer A330,RA_59506,,,RA_90708,RA_47929,MEV700471,5.3
RA_16936,RA-572,Noor Bos,Maintenance Excellence Group,,RA_48772,MEV700472,Altitude Manager,RA_48162,Weather Radar Intermittent Signal,RA_16714,7/29/2026,6/9/2026,MEV700472,Rensselaer A900,Rensselaer A330,Rensselaer A900,Rensselaer CargoMax,RA_87137,,,RA_47657,,MEV700472,2.1
RA_58750,RA-573,Angelo Ivanov,Technical Operations Center,,RA_89338,MEV700473,FleetPilot Central,RA_2133,Hydraulic Pressure Deviation,RA_32227,11/12/2026,6/9/2026,MEV700473,Rensselaer A220,Rensselaer A900,Rensselaer Regional 75,Rensselaer A330,RA_86207,,,RA_52544,,MEV700473,2.2
RA_16966,RA-574,Chen Patel,Flight Systems Engineering,,RA_14333,MEV700474,RunwayLink,RA_46268,Cabin Environmental Sensor Drift,RA_9859,7/29/2026,6/9/2026,MEV700474,Rensselaer A330,Rensselaer A900,Rensselaer CargoMax,Rensselaer A330,RA_41769,,,RA_20934,,MEV700474,3.5
RA_62359,RA-575,Sergei Darwish,Avionics Operations,,RA_31771,MEV700475,AeroControl X,RA_63589,Landing Gear Wear,RA_15217,11/12/2026,6/9/2026,MEV700475,Rensselaer A900,Rensselaer A900,Rensselaer A330,Rensselaer A220,RA_98130,,,RA_16552,,MEV700475,3.7
RA_11207,RA-576,Nadia Darwish,Maintenance Excellence Group,,RA_20867,MEV700476,AeroTrack Vision,RA_81383,Fuel Monitoring Anomaly,RA_41900,11/12/2026,6/9/2026,MEV700476,Rensselaer Regional 75,Rensselaer A220,Rensselaer A900,Rensselaer Regional 75,RA_32139,,,RA_13801,,MEV700476,4.9
RA_82704,RA-577,Olga Al-Fayed,Fleet Engineering East,,RA_81612,MEV700477,Altitude Manager,RA_91108,Navigation Calibration Required,RA_46641,11/12/2026,6/9/2026,MEV700477,Rensselaer CargoMax,Rensselaer A220,Rensselaer Regional 75,Rensselaer A220,RA_56588,,,RA_7557,,MEV700477,6.5
RA_68867,RA-578,Mateo Menon,Fleet Engineering West,,RA_59042,MEV700478,AeroTrack Vision,RA_60006,Hydraulic Pressure Deviation,RA_49970,7/29/2026,6/9/2026,MEV700478,Rensselaer A330,Rensselaer CargoMax,Rensselaer A900,Rensselaer A330,RA_97190,,,RA_58334,,MEV700478,6.7
RA_99256,RA-579,Carlos Castillo,Avionics Operations,,RA_21625,MEV700479,AeroTrack Vision,RA_39986,Landing Gear Wear,RA_19089,11/12/2026,6/9/2026,MEV700479,Rensselaer Regional 75,Rensselaer A330,Rensselaer Regional 75,Rensselaer CargoMax,RA_48630,,,RA_33603,,MEV700479,4.7
RA_50564,RA-580,Wei Anderson,Fleet Engineering East,,RA_98765,MEV700480,Altitude Manager,RA_2332,Landing Gear Wear,RA_42243,9/3/2026,6/9/2026,MEV700480,Rensselaer A220,Rensselaer CargoMax,Rensselaer A900,Rensselaer A900,RA_56557,,,RA_34433,,MEV700480,4.7
RA_70118,RA-581,Liza Miller,Fleet Engineering East,,RA_34613,MEV700481,Altitude Manager,RA_75995,Fuel Monitoring Anomaly,RA_22863,11/12/2026,6/9/2026,MEV700481,Rensselaer A330,Rensselaer A220,Rensselaer A220,Rensselaer A220,RA_3000,,,RA_84372,,MEV700481,3
RA_82113,RA-582,Molly Mansour,Maintenance Excellence Group,,RA_54686,MEV700482,RunwayLink,RA_15258,Weather Radar Intermittent Signal,RA_83235,11/12/2026,6/9/2026,MEV700482,Rensselaer Regional 75,Rensselaer A330,Rensselaer CargoMax,Rensselaer A900,RA_71871,,,RA_82830,,MEV700482,6.3
RA_5556,RA-583,Carmen Habib,Flight Systems Engineering,,RA_44620,MEV700483,FlightNav Pro,RA_42261,Navigation Calibration Required,RA_80054,11/12/2026,6/9/2026,MEV700483,Rensselaer A900,Rensselaer Regional 75,Rensselaer A330,Rensselaer A220,RA_70497,,,RA_24484,,MEV700483,3.9
RA_64638,RA-584,Noor Nasser,Fleet Engineering West,,RA_28169,MEV700484,FlightNav Pro,RA_77179,Navigation Calibration Required,RA_40398,8/13/2026,6/9/2026,MEV700484,Rensselaer A220,Rensselaer A330,Rensselaer CargoMax,Rensselaer Regional 75,RA_69452,,,RA_26395,,MEV700484,1.3
RA_1908,RA-585,Lian Ivanov,Avionics Operations,,RA_53565,MEV700485,SkyLogic Suite,RA_24139,Navigation Calibration Required,RA_62832,11/12/2026,6/9/2026,MEV700485,Rensselaer Regional 75,Rensselaer A220,Rensselaer CargoMax,Rensselaer A900,RA_61136,,,RA_75036,,MEV700485,4.8
RA_61549,RA-586,Rohan Mansour,Avionics Operations,,RA_21238,MEV700486,AeroControl X,RA_9791,Communication Bus Fault,RA_411,11/19/2026,6/9/2026,MEV700486,Rensselaer A220,Rensselaer Regional 75,Rensselaer A330,Rensselaer A220,RA_28994,,,RA_8823,,MEV700486,5.3
RA_96123,RA-587,Maria Wilson,Flight Systems Engineering,,RA_72359,MEV700487,Altitude Manager,RA_67890,Cabin Environmental Sensor Drift,RA_94149,11/26/2026,6/9/2026,MEV700487,Rensselaer Regional 75,Rensselaer Regional 75,Rensselaer CargoMax,Rensselaer A330,RA_48008,,,RA_65908,,MEV700487,3
RA_20368,RA-588,Marieke Dela Cruz,Fleet Engineering West,,RA_73889,MEV700488,AeroTrack Vision,RA_90827,Landing Gear Wear,RA_76437,11/26/2026,6/9/2026,MEV700488,Rensselaer CargoMax,Rensselaer A330,Rensselaer A220,Rensselaer CargoMax,RA_9501,,,RA_97113,,MEV700488,6.2
RA_70155,RA-589,Cooper Lebedev,Maintenance Excellence Group,,RA_64150,MEV700489,AeroControl X,RA_90997,Cabin Environmental Sensor Drift,RA_73802,11/12/2026,6/9/2026,MEV700489,Rensselaer A900,Rensselaer A900,Rensselaer Regional 75,Rensselaer A330,RA_1244,,,RA_94840,,MEV700489,6.1
RA_81103,RA-590,Carlos van Leeuwen,Avionics Operations,,RA_25810,MEV700490,SkyLogic Suite,RA_82465,Cabin Environmental Sensor Drift,RA_10367,7/29/2026,6/9/2026,MEV700490,Rensselaer A330,Rensselaer A220,Rensselaer A330,Rensselaer Regional 75,RA_89610,,,RA_67176,,MEV700490,7.3
RA_27969,RA-591,Li Haddad,Fleet Engineering West,,RA_5113,MEV700491,AeroTrack Vision,RA_38166,Landing Gear Wear,RA_12554,7/29/2026,6/9/2026,MEV700491,Rensselaer Regional 75,Rensselaer A220,Rensselaer Regional 75,Rensselaer Regional 75,RA_44393,,,RA_58258,,MEV700491,6.8
RA_43381,RA-592,Daan Moore,Maintenance Excellence Group,,RA_61451,MEV700492,FleetPilot Central,RA_10373,Communication Bus Fault,RA_21094,7/29/2026,6/9/2026,MEV700492,Rensselaer A220,Rensselaer A900,Rensselaer A900,Rensselaer A220,RA_82712,,,RA_43856,,MEV700492,6.9
RA_76347,RA-593,Mateo Meijer,Maintenance Excellence Group,,RA_362,MEV700493,SkyLogic Suite,RA_50136,Navigation Calibration Required,RA_84638,7/29/2026,6/9/2026,MEV700493,Rensselaer A900,Rensselaer CargoMax,Rensselaer A220,Rensselaer A330,RA_27848,,,RA_42957,,MEV700493,3.8
RA_49998,RA-594,Carlos Zhang,Technical Operations Center,,RA_48120,MEV700494,Altitude Manager,RA_16200,Landing Gear Wear,RA_64409,11/12/2026,6/9/2026,MEV700494,Rensselaer A330,Rensselaer CargoMax,Rensselaer Regional 75,Rensselaer A900,RA_90256,,,RA_75170,,MEV700494,8.1
RA_77436,RA-595,Riley Huang,Avionics Operations,,RA_97940,MEV700495,FleetPilot Central,RA_59453,Communication Bus Fault,RA_27220,7/29/2026,6/9/2026,MEV700495,Rensselaer A220,Rensselaer A220,Rensselaer Regional 75,Rensselaer A220,RA_32872,,,RA_69606,,MEV700495,5.9
RA_34516,RA-596,Ming Iyer,Flight Systems Engineering,,RA_76729,MEV700496,FleetPilot Central,RA_46864,Weather Radar Intermittent Signal,RA_16064,11/12/2026,6/9/2026,MEV700496,Rensselaer A900,Rensselaer A900,Rensselaer A330,Rensselaer A220,RA_89134,,,RA_7457,,MEV700496,4.9
RA_43857,RA-597,Emily de Vries,Aircraft Reliability Team,,RA_77488,MEV700497,SkyLogic Suite,RA_80887,Communication Bus Fault,RA_73458,7/29/2026,6/9/2026,MEV700497,Rensselaer A220,Rensselaer A900,Rensselaer A900,Rensselaer A330,RA_72956,,,RA_77337,,MEV700497,6.6
RA_27472,RA-598,Dmitri Jansen,Avionics Operations,,RA_10972,MEV700498,Altitude Manager,RA_40811,Landing Gear Wear,RA_67913,11/19/2026,6/9/2026,MEV700498,Rensselaer A900,Rensselaer Regional 75,Rensselaer A330,Rensselaer CargoMax,RA_22869,,,RA_1669,,MEV700498,4.2
RA_13843,RA-599,Ramon Darwish,Technical Operations Center,,RA_42133,MEV700499,AeroTrack Vision,RA_40221,Fuel Monitoring Anomaly,RA_66128,11/19/2026,6/9/2026,MEV700499,Rensselaer A330,Rensselaer CargoMax,Rensselaer A900,Rensselaer Regional 75,RA_96335,,,RA_25377,,MEV700499,5.6
RA_97641,RA-600,Anya Mercado,Fleet Engineering East,,RA_22653,MEV700500,FleetPilot Central,RA_53798,Communication Bus Fault,RA_74267,11/19/2026,6/9/2026,MEV700500,Rensselaer A330,Rensselaer CargoMax,Rensselaer A330,Rensselaer A900,RA_2945,,,RA_71715,,MEV700500,7.6
RA_8007,RA-601,Maria Wu,Fleet Engineering East,,RA_44626,MEV700501,SkyLogic Suite,RA_92823,Landing Gear Wear,RA_98460,7/29/2026,6/9/2026,MEV700501,Rensselaer A220,Rensselaer Regional 75,Rensselaer Regional 75,Rensselaer Regional 75,RA_20520,,,RA_94910,,MEV700501,9
RA_96179,RA-602,Jose Wu,Maintenance Excellence Group,,RA_12051,MEV700502,SkyLogic Suite,RA_88139,Communication Bus Fault,RA_97793,11/12/2026,6/9/2026,MEV700502,Rensselaer A900,Rensselaer A330,Rensselaer Regional 75,Rensselaer A220,RA_46438,,,RA_21853,,MEV700502,9.3
RA_93808,RA-603,Samir Nair,Aircraft Reliability Team,,RA_81086,MEV700503,AeroTrack Vision,RA_27189,Hydraulic Pressure Deviation,RA_82757,7/29/2026,6/9/2026,MEV700503,Rensselaer Regional 75,Rensselaer CargoMax,Rensselaer A220,Rensselaer CargoMax,RA_28298,,,RA_68810,,MEV700503,5.5
RA_55866,RA-604,Tyler Ramírez,Technical Operations Center,,RA_82583,MEV700504,Altitude Manager,RA_26265,Weather Radar Intermittent Signal,RA_14537,7/29/2026,6/9/2026,MEV700504,Rensselaer A330,Rensselaer Regional 75,Rensselaer Regional 75,Rensselaer A220,RA_50890,,,RA_48072,,MEV700504,5.7
RA_65719,RA-605,Arjun Anderson,Avionics Operations,,RA_96335,MEV700505,SkyLogic Suite,RA_53239,Hydraulic Pressure Deviation,RA_67514,7/29/2026,6/9/2026,MEV700505,Rensselaer Regional 75,Rensselaer A900,Rensselaer CargoMax,Rensselaer CargoMax,RA_62059,,,RA_91394,,MEV700505,8.2
RA_17576,RA-606,Anya Reddy,Fleet Engineering East,,RA_1815,MEV700506,SkyLogic Suite,RA_32345,Navigation Calibration Required,RA_15262,7/29/2026,6/9/2026,MEV700506,Rensselaer Regional 75,Rensselaer A330,Rensselaer Regional 75,Rensselaer A330,RA_65308,,,RA_99612,,MEV700506,3.8
RA_28743,RA-607,Valeria Aziz,Fleet Engineering East,,RA_8672,MEV700507,SkyLogic Suite,RA_51466,Communication Bus Fault,RA_55153,9/1/2026,6/9/2026,MEV700507,Rensselaer CargoMax,Rensselaer A220,Rensselaer CargoMax,Rensselaer Regional 75,RA_32732,,,,,MEV700507,8.5
RA_52224,RA-608,Mikhail Mehta,Avionics Operations,,RA_77252,MEV700508,AeroControl X,RA_57339,Navigation Calibration Required,RA_80039,9/3/2026,6/9/2026,MEV700508,Rensselaer A220,Rensselaer A900,Rensselaer Regional 75,Rensselaer A220,RA_27220,,,,,MEV700508,5.4
RA_4683,RA-609,Elena Smit,Technical Operations Center,,RA_10589,MEV700509,FlightNav Pro,RA_18701,Communication Bus Fault,RA_88129,4/29/2027,6/9/2026,MEV700509,Rensselaer A220,Rensselaer A330,Rensselaer CargoMax,Rensselaer CargoMax,RA_11827,,,,,MEV700509,2
RA_49950,RA-610,Arjun Zhang,Fleet Engineering West,,RA_52987,MEV700510,AeroTrack Vision,RA_19866,Fuel Monitoring Anomaly,RA_55715,8/22/2026,6/9/2026,MEV700510,Rensselaer A220,Rensselaer Regional 75,Rensselaer CargoMax,Rensselaer CargoMax,RA_43440,,,,,MEV700510,1.6
RA_19530,RA-611,Madison Rodríguez,Maintenance Excellence Group,,RA_41064,MEV700511,AeroControl X,RA_66585,Fuel Monitoring Anomaly,RA_69674,8/22/2026,6/9/2026,MEV700511,Rensselaer A900,Rensselaer A900,Rensselaer Regional 75,Rensselaer A220,RA_99126,,,,,MEV700511,8.6
RA_30198,RA-612,Sanne Yang,Avionics Operations,,RA_78024,MEV700512,SkyLogic Suite,RA_39251,Fuel Monitoring Anomaly,RA_5882,11/12/2026,6/9/2026,MEV700512,Rensselaer A330,Rensselaer A330,Rensselaer CargoMax,Rensselaer Regional 75,RA_32261,,,,,MEV700512,1.5
RA_90873,RA-613,Bo Bos,Fleet Engineering West,,RA_66278,MEV700513,FlightNav Pro,RA_59321,Weather Radar Intermittent Signal,RA_35178,10/28/2026,6/9/2026,MEV700513,Rensselaer A330,Rensselaer A220,Rensselaer A220,Rensselaer A330,RA_51776,,RA_94565,,,MEV700513,3.5
RA_80839,RA-614,Jeroen Nair,Maintenance Excellence Group,,RA_9879,MEV700514,AeroTrack Vision,RA_77912,Communication Bus Fault,RA_92916,10/28/2026,6/9/2026,MEV700514,Rensselaer CargoMax,Rensselaer A900,Rensselaer A900,Rensselaer A330,RA_58468,,RA_75447,,,MEV700514,4
RA_32024,RA-615,Carmen de Vries,Aircraft Reliability Team,,RA_26850,MEV700515,FleetPilot Central,RA_60574,Communication Bus Fault,RA_88073,10/28/2026,6/9/2026,MEV700515,Rensselaer CargoMax,Rensselaer A900,Rensselaer CargoMax,Rensselaer A900,RA_12859,,RA_47655,,,MEV700515,2.6
RA_27075,RA-616,Pooja Wang,Flight Systems Engineering,,RA_37868,MEV700516,RunwayLink,RA_67025,Cabin Environmental Sensor Drift,RA_37516,1/31/2026,6/9/2026,MEV700516,Rensselaer CargoMax,Rensselaer CargoMax,Rensselaer CargoMax,Rensselaer A900,RA_15485,,,,,MEV700516,3.8
RA_47511,RA-617,Alejandro Johnson,Maintenance Excellence Group,,RA_17275,MEV700517,AeroTrack Vision,RA_88136,Landing Gear Wear,RA_43771,11/12/2026,6/9/2026,MEV700517,Rensselaer Regional 75,Rensselaer A330,Rensselaer A220,Rensselaer A900,RA_67559,,RA_96276,,,MEV700517,7.7
RA_7067,RA-618,Mateo Sokolov,Aircraft Reliability Team,RA_9142,RA_97483,MEV700518,AeroControl X,RA_81916,Hydraulic Pressure Deviation,RA_83566,6/6/2028,6/9/2026,MEV700518,Rensselaer A220,Rensselaer A330,Rensselaer A220,Rensselaer Regional 75,RA_23219,,RA_77907,,RA_19926,MEV700518,1.1
RA_54864,RA-619,Bram Xu,,RA_20896,RA_46550,MEV700519,AeroControl X,RA_96340,Communication Bus Fault,RA_80688,11/25/2026,5/26/2026,MEV700519,Rensselaer A900,Rensselaer CargoMax,Rensselaer A330,Rensselaer A900,RA_94131,,,RA_73660,,MEV700519,8.4
RA_76377,RA-620,Logan Sun,Fleet Engineering East,RA_60883,RA_14043,MEV700520,AeroControl X,RA_38645,Weather Radar Intermittent Signal,RA_8777,7/29/2026,6/9/2026,MEV700520,Rensselaer A330,Rensselaer Regional 75,Rensselaer A900,Rensselaer A900,RA_87760,,,RA_18387,,MEV700520,8.7
RA_35871,RA-621,Lotte Kok,Fleet Engineering East,RA_97550,RA_59033,MEV700521,AeroTrack Vision,RA_76700,Hydraulic Pressure Deviation,RA_43330,7/29/2026,6/9/2026,MEV700521,Rensselaer A900,Rensselaer Regional 75,Rensselaer A330,Rensselaer Regional 75,RA_86555,,,RA_84106,,MEV700521,4.4
RA_49960,RA-622,Aisha Davis,Fleet Engineering East,,RA_94883,MEV700522,Altitude Manager,RA_97541,Landing Gear Wear,RA_91427,7/29/2026,6/10/2026,MEV700522,Rensselaer A220,Rensselaer CargoMax,Rensselaer CargoMax,Rensselaer A900,RA_25233,,,RA_66467,,MEV700522,2.4
RA_41193,RA-623,Teresa Villanueva,Maintenance Excellence Group,,RA_25655,MEV700523,SkyLogic Suite,RA_41347,Cabin Environmental Sensor Drift,RA_4979,11/12/2026,6/10/2026,MEV700523,Rensselaer A220,Rensselaer A900,Rensselaer A220,Rensselaer A330,RA_82543,,,RA_3236,,MEV700523,6.4
RA_43139,RA-624,Wei Sánchez,Fleet Engineering West,,RA_2824,MEV700524,AeroTrack Vision,RA_80229,Hydraulic Pressure Deviation,RA_75971,11/19/2026,6/10/2026,MEV700524,Rensselaer A330,Rensselaer A220,Rensselaer CargoMax,Rensselaer A220,RA_83211,,,RA_34795,,MEV700524,2.1
RA_2917,RA-625,Emily Anderson,Flight Systems Engineering,,RA_79173,MEV700525,FleetPilot Central,RA_3902,Weather Radar Intermittent Signal,RA_25573,11/26/2026,6/10/2026,MEV700525,Rensselaer Regional 75,Rensselaer Regional 75,Rensselaer Regional 75,Rensselaer A330,RA_38752,,,RA_85748,,MEV700525,4.3
RA_93993,RA-626,Zain Gupta,Fleet Engineering East,,RA_58631,MEV700526,RunwayLink,RA_5473,Landing Gear Wear,RA_17254,7/29/2026,6/10/2026,MEV700526,Rensselaer CargoMax,Rensselaer A220,Rensselaer A900,Rensselaer A330,RA_44887,,,RA_49132,,MEV700526,9.6
RA_76859,RA-627,Zain van Dijk,Technical Operations Center,,RA_67264,MEV700527,FleetPilot Central,RA_61064,Fuel Monitoring Anomaly,RA_47215,11/12/2026,6/10/2026,MEV700527,Rensselaer Regional 75,Rensselaer A330,Rensselaer Regional 75,Rensselaer CargoMax,RA_55519,,,RA_3276,,MEV700527,10
RA_4445,RA-628,Li Patel,Avionics Operations,,RA_34960,MEV700528,FleetPilot Central,RA_2179,Fuel Monitoring Anomaly,RA_49881,11/19/2026,6/10/2026,MEV700528,Rensselaer A220,Rensselaer A330,Rensselaer A220,Rensselaer A220,RA_56370,,,RA_40345,,MEV700528,7.9
RA_59617,RA-629,Elena Habib,Flight Systems Engineering,,RA_52619,MEV700529,SkyLogic Suite,RA_23130,Fuel Monitoring Anomaly,RA_47008,11/26/2026,6/10/2026,MEV700529,Rensselaer A220,Rensselaer Regional 75,Rensselaer A220,Rensselaer A330,RA_67493,,,RA_60602,,MEV700529,3.8
RA_42878,RA-630,Tyler Singh,,,RA_41019,MEV700530,FlightNav Pro,RA_91296,Landing Gear Wear,RA_55448,7/3/2026,6/10/2026,MEV700530,Rensselaer Regional 75,Rensselaer A900,Rensselaer A220,Rensselaer A220,RA_66622,,,RA_30920,,MEV700530,7.2
RA_45003,RA-631,Molly Ivanov,,,RA_82939,MEV700531,RunwayLink,RA_48567,Cabin Environmental Sensor Drift,RA_90365,7/3/2026,6/10/2026,MEV700531,Rensselaer CargoMax,Rensselaer A330,Rensselaer A900,Rensselaer A330,RA_75254,,,RA_60610,,MEV700531,7.3
RA_62081,RA-632,Tessa Abboud,,,RA_37345,MEV700532,AeroControl X,RA_60516,Weather Radar Intermittent Signal,RA_96982,7/3/2026,6/10/2026,MEV700532,Rensselaer CargoMax,Rensselaer A220,Rensselaer A330,Rensselaer Regional 75,RA_14239,,,RA_91069,,MEV700532,4.5
RA_48678,RA-633,Layla Menon,,,RA_76842,MEV700533,SkyLogic Suite,RA_3962,Communication Bus Fault,RA_13267,7/3/2026,6/10/2026,MEV700533,Rensselaer A220,Rensselaer A900,Rensselaer CargoMax,Rensselaer Regional 75,RA_80911,,,RA_62365,,MEV700533,6.8
RA_1136,RA-634,Anya Wu,,,RA_72397,MEV700534,AeroControl X,RA_47635,Fuel Monitoring Anomaly,RA_26881,7/29/2026,6/10/2026,MEV700534,Rensselaer CargoMax,Rensselaer Regional 75,Rensselaer CargoMax,Rensselaer A900,RA_73358,,,RA_38960,,MEV700534,1.1
RA_10081,RA-635,Jeroen Bautista,,,RA_47779,MEV700535,SkyLogic Suite,RA_19846,Landing Gear Wear,RA_22147,11/6/2026,6/10/2026,MEV700535,Rensselaer CargoMax,Rensselaer A330,Rensselaer CargoMax,Rensselaer Regional 75,RA_6629,,,RA_52522,,MEV700535,2.9
RA_94905,RA-636,Molly Darwish,,,RA_53217,MEV700536,AeroControl X,RA_67154,Hydraulic Pressure Deviation,RA_35824,11/8/2026,6/10/2026,MEV700536,Rensselaer A330,Rensselaer Regional 75,Rensselaer CargoMax,Rensselaer A220,RA_66618,,,RA_66087,,MEV700536,5.7
RA_43896,RA-637,Molly Ramos,,,RA_30536,MEV700537,SkyLogic Suite,RA_29251,Fuel Monitoring Anomaly,RA_85580,11/12/2026,6/10/2026,MEV700537,Rensselaer A330,Rensselaer A900,Rensselaer CargoMax,Rensselaer CargoMax,RA_81675,,,RA_8657,,MEV700537,2.5
RA_11023,RA-638,Teresa Kok,,,RA_58059,MEV700538,FlightNav Pro,RA_48284,Navigation Calibration Required,RA_42190,11/19/2026,6/10/2026,MEV700538,Rensselaer A900,Rensselaer A900,Rensselaer A330,Rensselaer A900,RA_17928,,,RA_92400,,MEV700538,2.5
RA_34020,RA-639,Teresa Moore,,,RA_27672,MEV700539,AeroTrack Vision,RA_47396,Weather Radar Intermittent Signal,RA_81138,11/26/2026,6/10/2026,MEV700539,Rensselaer Regional 75,Rensselaer A900,Rensselaer Regional 75,Rensselaer A330,RA_20211,,,RA_78648,,MEV700539,8.5
RA_87279,RA-640,Logan Li,Avionics Operations,,RA_33610,MEV700540,FleetPilot Central,RA_77732,Hydraulic Pressure Deviation,RA_67640,7/29/2026,6/10/2026,MEV700540,Rensselaer A220,Rensselaer CargoMax,Rensselaer A900,Rensselaer Regional 75,RA_66556,,,RA_69132,,MEV700540,9.9
RA_21863,RA-641,Li Wilson,Fleet Engineering West,,RA_68823,MEV700541,AeroControl X,RA_50252,Cabin Environmental Sensor Drift,RA_42379,11/6/2026,6/10/2026,MEV700541,Rensselaer CargoMax,Rensselaer CargoMax,Rensselaer Regional 75,Rensselaer A900,RA_74055,,,RA_44298,,MEV700541,6
RA_20047,RA-642,Vikram Wilson,Maintenance Excellence Group,,RA_10042,MEV700542,SkyLogic Suite,RA_1805,Cabin Environmental Sensor Drift,RA_17172,11/12/2026,6/10/2026,MEV700542,Rensselaer A900,Rensselaer A220,Rensselaer Regional 75,Rensselaer Regional 75,RA_88769,,,RA_47823,,MEV700542,8.6
RA_18661,RA-643,Chen Saleh,Fleet Engineering West,,RA_21017,MEV700543,FlightNav Pro,RA_14604,Landing Gear Wear,RA_29525,11/26/2026,6/10/2026,MEV700543,Rensselaer A330,Rensselaer A900,Rensselaer CargoMax,Rensselaer A900,RA_42975,,,RA_99756,,MEV700543,9.9
RA_82185,RA-644,Irina Sánchez,Maintenance Excellence Group,,RA_49766,MEV700544,FlightNav Pro,RA_34983,Cabin Environmental Sensor Drift,RA_58497,11/26/2026,6/10/2026,MEV700544,Rensselaer CargoMax,Rensselaer A900,Rensselaer CargoMax,Rensselaer A220,RA_86516,,,RA_1103,,MEV700544,2.3
RA_25142,RA-645,Rafael Garcia,Fleet Engineering East,RA_25688,RA_10701,MEV700545,FleetPilot Central,RA_93237,Navigation Calibration Required,RA_10541,7/29/2026,6/10/2026,MEV700545,Rensselaer Regional 75,Rensselaer A330,Rensselaer A330,Rensselaer A220,RA_78276,,,RA_31531,,MEV700545,5
RA_28797,RA-646,Koen Volkov,Avionics Operations,RA_34153,RA_44662,MEV700546,SkyLogic Suite,RA_786,Fuel Monitoring Anomaly,RA_83043,11/12/2026,6/10/2026,MEV700546,Rensselaer A330,Rensselaer A220,Rensselaer A900,Rensselaer A330,RA_31531,,,RA_86616,,MEV700546,4.5
RA_41887,RA-647,Bo Chen,Technical Operations Center,RA_67773,RA_27249,MEV700547,AeroTrack Vision,RA_304,Hydraulic Pressure Deviation,RA_26800,11/19/2026,6/10/2026,MEV700547,Rensselaer A220,Rensselaer A220,Rensselaer A220,Rensselaer A900,RA_46171,,,RA_65056,,MEV700547,1.7
RA_10892,RA-648,Jeroen Sharma,Flight Systems Engineering,RA_92063,RA_65349,MEV700548,AeroControl X,RA_34430,Fuel Monitoring Anomaly,RA_54302,11/26/2026,6/10/2026,MEV700548,Rensselaer CargoMax,Rensselaer Regional 75,Rensselaer Regional 75,Rensselaer CargoMax,RA_58236,,,RA_34207,,MEV700548,7.8
RA_13623,RA-649,Layla Darwish,Technical Operations Center,,RA_63012,MEV700549,AeroTrack Vision,RA_83130,Communication Bus Fault,RA_72636,7/29/2026,6/10/2026,MEV700549,Rensselaer A900,Rensselaer A900,Rensselaer A220,Rensselaer A220,RA_53921,,,RA_33670,,MEV700549,4.9
RA_4295,RA-650,Logan van Dijk,Aircraft Reliability Team,,RA_20245,MEV700550,RunwayLink,RA_51777,Weather Radar Intermittent Signal,RA_6189,11/12/2026,6/10/2026,MEV700550,Rensselaer A220,Rensselaer A330,Rensselaer A900,Rensselaer A330,RA_52223,,,RA_218,,MEV700550,5.2
RA_45158,RA-651,Jackson Hernández,Flight Systems Engineering,,RA_11160,MEV700551,RunwayLink,RA_40074,Fuel Monitoring Anomaly,RA_98779,11/19/2026,6/10/2026,MEV700551,Rensselaer CargoMax,Rensselaer Regional 75,Rensselaer Regional 75,Rensselaer A900,RA_13342,,,RA_76326,,MEV700551,2.4
RA_39827,RA-652,Lars Kuznetsov,Maintenance Excellence Group,,RA_32570,MEV700552,Altitude Manager,RA_24860,Landing Gear Wear,RA_33165,11/26/2026,6/10/2026,MEV700552,Rensselaer CargoMax,Rensselaer CargoMax,Rensselaer A220,Rensselaer A330,RA_34934,,,RA_99246,,MEV700552,2.6
RA_44127,RA-653,Tessa van Dijk,Fleet Engineering West,,RA_68840,MEV700553,FlightNav Pro,RA_85676,Fuel Monitoring Anomaly,RA_22584,12/3/2026,6/10/2026,MEV700553,Rensselaer CargoMax,Rensselaer A900,Rensselaer A220,Rensselaer A220,RA_69787,,,RA_13282,,MEV700553,9.2
RA_79893,RA-654,Vikram Anderson,Fleet Engineering West,,RA_76266,MEV700554,RunwayLink,RA_95266,Weather Radar Intermittent Signal,RA_14497,12/3/2026,6/10/2026,MEV700554,Rensselaer CargoMax,Rensselaer A220,Rensselaer A330,Rensselaer A330,RA_92266,,,RA_16857,,MEV700554,1.4
RA_21877,RA-655,Emily Visser,Technical Operations Center,,RA_36113,MEV700555,FlightNav Pro,RA_85945,Hydraulic Pressure Deviation,RA_10145,12/3/2026,6/10/2026,MEV700555,Rensselaer CargoMax,Rensselaer A900,Rensselaer A900,Rensselaer A900,RA_37877,,,RA_81146,,MEV700555,3.1
RA_30580,RA-656,Xiu Mansour,Fleet Engineering West,,RA_54809,MEV700556,FleetPilot Central,RA_9846,Navigation Calibration Required,RA_77003,12/3/2026,6/10/2026,MEV700556,Rensselaer A220,Rensselaer A900,Rensselaer A900,Rensselaer Regional 75,RA_15615,,,RA_78057,,MEV700556,3.6
RA_73362,RA-657,Lars Miller,Technical Operations Center,,RA_39105,MEV700557,SkyLogic Suite,RA_96732,Hydraulic Pressure Deviation,RA_50797,12/3/2026,6/10/2026,MEV700557,Rensselaer Regional 75,Rensselaer CargoMax,Rensselaer A900,Rensselaer CargoMax,RA_38903,,,RA_64414,,MEV700557,5.4
RA_62548,RA-658,Angelo Liu,Technical Operations Center,,RA_62096,MEV700558,Altitude Manager,RA_66218,Hydraulic Pressure Deviation,RA_59208,12/3/2026,6/10/2026,MEV700558,Rensselaer Regional 75,Rensselaer A330,Rensselaer Regional 75,Rensselaer A220,RA_56017,,,RA_29,,MEV700558,6.3
RA_70475,RA-659,Li Liu,Fleet Engineering West,,RA_29324,MEV700559,Altitude Manager,RA_38176,Landing Gear Wear,RA_86802,12/3/2026,6/10/2026,MEV700559,Rensselaer A220,Rensselaer A330,Rensselaer A330,Rensselaer A900,RA_50950,,,RA_55089,,MEV700559,5.4
RA_1871,RA-660,Fatima Santos,Aircraft Reliability Team,,RA_96984,MEV700560,Altitude Manager,RA_22180,Weather Radar Intermittent Signal,RA_91951,12/3/2026,6/10/2026,MEV700560,Rensselaer Regional 75,Rensselaer A330,Rensselaer CargoMax,Rensselaer A900,RA_71181,,,RA_99269,,MEV700560,1.8
RA_42950,RA-661,Sergei Karim,Fleet Engineering East,,RA_36411,MEV700561,SkyLogic Suite,RA_27823,Hydraulic Pressure Deviation,RA_17888,12/3/2026,6/10/2026,MEV700561,Rensselaer A900,Rensselaer Regional 75,Rensselaer Regional 75,Rensselaer A330,RA_82321,,,RA_899,,MEV700561,3.2
RA_62798,RA-662,Nisha Chopra,Fleet Engineering West,,RA_31020,MEV700562,AeroControl X,RA_66464,Hydraulic Pressure Deviation,RA_4891,12/3/2026,6/10/2026,MEV700562,Rensselaer A900,Rensselaer A330,Rensselaer A900,Rensselaer A220,RA_52168,,,RA_27004,,MEV700562,8.6
RA_80471,RA-663,Natalia Sánchez,Maintenance Excellence Group,,RA_15435,MEV700563,FlightNav Pro,RA_77116,Navigation Calibration Required,RA_61620,12/3/2026,6/10/2026,MEV700563,Rensselaer A220,Rensselaer Regional 75,Rensselaer Regional 75,Rensselaer Regional 75,RA_74247,,,RA_91878,,MEV700563,6.7
RA_63295,RA-664,Svetlana Mulder,Avionics Operations,,RA_75515,MEV700564,SkyLogic Suite,RA_48232,Cabin Environmental Sensor Drift,RA_90330,12/3/2026,6/10/2026,MEV700564,Rensselaer A900,Rensselaer CargoMax,Rensselaer A220,Rensselaer Regional 75,RA_54659,,,RA_74812,,MEV700564,6.8
RA_17964,RA-665,Xiu Smith,Technical Operations Center,,RA_88007,MEV700565,RunwayLink,,Navigation Calibration Required,RA_90523,12/16/2026,6/15/2026,MEV700565,Rensselaer A220,Rensselaer A900,Rensselaer Regional 75,Rensselaer CargoMax,RA_14587,,RA_81134,,,MEV700565,7
RA_58940,RA-666,Layla Miller,Aircraft Reliability Team,,RA_92673,MEV700566,Altitude Manager,,Weather Radar Intermittent Signal,RA_52567,12/16/2026,6/15/2026,MEV700566,Rensselaer A900,Rensselaer Regional 75,Rensselaer Regional 75,Rensselaer CargoMax,RA_62307,,RA_35182,,,MEV700566,7.9
RA_92735,RA-667,Khalid Morozov,Technical Operations Center,,RA_35135,MEV700567,FlightNav Pro,,Weather Radar Intermittent Signal,RA_22464,9/12/2026,6/15/2026,MEV700567,Rensselaer A330,Rensselaer CargoMax,Rensselaer A900,Rensselaer A330,RA_81100,,,,,MEV700567,1.5
RA_91567,RA-668,Irina Reddy,Maintenance Excellence Group,,RA_42776,MEV700568,RunwayLink,,Landing Gear Wear,RA_20271,5/7/2026,6/15/2026,MEV700568,Rensselaer A220,Rensselaer Regional 75,Rensselaer A220,Rensselaer A220,RA_28812,9/6/2026,,,,MEV700568,4.3
RA_97622,RA-669,Lotte Zhao,Technical Operations Center,,RA_91695,MEV700569,FlightNav Pro,,Fuel Monitoring Anomaly,RA_79767,12/12/2026,6/15/2026,MEV700569,Rensselaer CargoMax,Rensselaer CargoMax,Rensselaer A900,Rensselaer Regional 75,RA_51076,,RA_62264,,,MEV700569,5.9
RA_39469,RA-670,Isabella Chopra,Maintenance Excellence Group,,RA_37195,MEV700570,Altitude Manager,,Fuel Monitoring Anomaly,RA_67915,12/16/2026,6/15/2026,MEV700570,Rensselaer A900,Rensselaer A330,Rensselaer A220,Rensselaer A220,RA_69139,,RA_55264,,,MEV700570,4
RA_869,RA-671,Bram Zhang,Technical Operations Center,,RA_86360,MEV700571,Altitude Manager,,Fuel Monitoring Anomaly,RA_10111,6/22/2026,6/15/2026,MEV700571,Rensselaer A330,Rensselaer A330,Rensselaer A220,Rensselaer A330,RA_1335,,RA_50382,,,MEV700571,8.6
RA_3095,RA-672,Maria Smit,Fleet Engineering West,,RA_15021,MEV700572,FlightNav Pro,,Cabin Environmental Sensor Drift,RA_87901,9/15/2026,6/15/2026,MEV700572,Rensselaer A220,Rensselaer CargoMax,Rensselaer A220,Rensselaer A220,RA_41890,,RA_84149,,,MEV700572,5.3
RA_41310,RA-673,Anouk Orlov,Avionics Operations,,RA_11623,MEV700573,FleetPilot Central,RA_54210,Weather Radar Intermittent Signal,RA_71161,7/29/2026,6/9/2026,MEV700573,Rensselaer A900,Rensselaer A220,Rensselaer A900,Rensselaer A220,RA_85934,,,RA_56820,,MEV700573,7.9
RA_25232,RA-674,Cooper López,Fleet Engineering West,,RA_21213,MEV700574,AeroTrack Vision,RA_24467,Cabin Environmental Sensor Drift,RA_53664,11/12/2026,6/9/2026,MEV700574,Rensselaer CargoMax,Rensselaer CargoMax,Rensselaer A220,Rensselaer A220,RA_41859,,,RA_81257,,MEV700574,8.7
RA_61799,RA-675,Katya Darwish,Technical Operations Center,,RA_93300,MEV700575,AeroTrack Vision,RA_21961,Fuel Monitoring Anomaly,RA_16815,7/29/2026,6/9/2026,MEV700575,Rensselaer A900,Rensselaer Regional 75,Rensselaer A330,Rensselaer A330,RA_35645,,,RA_15824,,MEV700575,5.5
RA_54444,RA-676,Wei Nair,Maintenance Excellence Group,,RA_73837,MEV700576,FlightNav Pro,RA_41893,Fuel Monitoring Anomaly,RA_55516,7/29/2026,6/9/2026,MEV700576,Rensselaer A330,Rensselaer CargoMax,Rensselaer A330,Rensselaer A330,RA_17733,,,RA_46377,,MEV700576,9.2
